-- MySQL dump 10.13  Distrib 5.1.63, for debian-linux-gnu (i486)
--
-- Host: localhost    Database: gurujipooja_production
-- ------------------------------------------------------
-- Server version	5.1.63-0ubuntu0.10.04.1

/*!40101 SET @OLD_CHARACTER_SET_CLIENT=@@CHARACTER_SET_CLIENT */;
/*!40101 SET @OLD_CHARACTER_SET_RESULTS=@@CHARACTER_SET_RESULTS */;
/*!40101 SET @OLD_COLLATION_CONNECTION=@@COLLATION_CONNECTION */;
/*!40101 SET NAMES utf8 */;
/*!40103 SET @OLD_TIME_ZONE=@@TIME_ZONE */;
/*!40103 SET TIME_ZONE='+00:00' */;
/*!40014 SET @OLD_UNIQUE_CHECKS=@@UNIQUE_CHECKS, UNIQUE_CHECKS=0 */;
/*!40014 SET @OLD_FOREIGN_KEY_CHECKS=@@FOREIGN_KEY_CHECKS, FOREIGN_KEY_CHECKS=0 */;
/*!40101 SET @OLD_SQL_MODE=@@SQL_MODE, SQL_MODE='NO_AUTO_VALUE_ON_ZERO' */;
/*!40111 SET @OLD_SQL_NOTES=@@SQL_NOTES, SQL_NOTES=0 */;

--
-- Table structure for table `assets`
--

DROP TABLE IF EXISTS `assets`;
/*!40101 SET @saved_cs_client     = @@character_set_client */;
/*!40101 SET character_set_client = utf8 */;
CREATE TABLE `assets` (
  `id` int(11) NOT NULL AUTO_INCREMENT,
  `attachable_type` varchar(255) COLLATE utf8_unicode_ci DEFAULT NULL,
  `attachable_id` int(11) DEFAULT NULL,
  `attachment_content_type` varchar(255) COLLATE utf8_unicode_ci DEFAULT NULL,
  `attachment_file_name` varchar(255) COLLATE utf8_unicode_ci DEFAULT NULL,
  `attachment_size` int(11) DEFAULT NULL,
  `position` int(11) DEFAULT NULL,
  `type` varchar(255) COLLATE utf8_unicode_ci DEFAULT NULL,
  `attachment_updated_at` datetime DEFAULT NULL,
  `attachment_width` int(11) DEFAULT NULL,
  `attachment_height` int(11) DEFAULT NULL,
  `group_id` varchar(255) COLLATE utf8_unicode_ci DEFAULT NULL,
  `asset_order` int(11) DEFAULT NULL,
  `user_id` int(11) DEFAULT NULL,
  `name` varchar(255) COLLATE utf8_unicode_ci DEFAULT NULL,
  `created_at` datetime NOT NULL,
  `updated_at` datetime NOT NULL,
  `slug` varchar(255) COLLATE utf8_unicode_ci DEFAULT NULL,
  PRIMARY KEY (`id`),
  UNIQUE KEY `index_assets_on_slug` (`slug`)
) ENGINE=InnoDB AUTO_INCREMENT=46 DEFAULT CHARSET=utf8 COLLATE=utf8_unicode_ci;
/*!40101 SET character_set_client = @saved_cs_client */;

--
-- Dumping data for table `assets`
--

LOCK TABLES `assets` WRITE;
/*!40000 ALTER TABLE `assets` DISABLE KEYS */;
INSERT INTO `assets` VALUES (2,'User',8,'[image/jpeg]','my_profile_2.jpg',NULL,NULL,'Image','2012-11-30 12:16:19',302,585,'photo',NULL,8,NULL,'2012-11-30 12:16:21','2012-11-30 12:16:21',NULL),(3,'User',8,'[image/jpeg]','my_profile.jpg',NULL,NULL,'Image','2012-11-30 12:16:37',450,450,'images',NULL,8,NULL,'2012-11-30 12:16:38','2012-11-30 12:16:38',NULL),(4,'User',8,'[image/jpeg]','my_profile_2.jpg',NULL,NULL,'Image','2012-11-30 12:16:39',302,585,'images',NULL,8,NULL,'2012-11-30 12:16:39','2012-11-30 12:16:39',NULL),(5,'User',8,'[image/jpeg]','wall1.jpg',NULL,NULL,'Image','2012-11-30 12:16:44',550,344,'images',NULL,8,NULL,'2012-11-30 12:16:45','2012-11-30 12:16:45',NULL),(7,'User',7,'[image/jpeg]','Photo0097.jpg',NULL,NULL,'Image','2012-12-03 07:39:04',1600,1200,'photo',NULL,7,NULL,'2012-12-03 07:39:07','2012-12-03 07:39:07',NULL),(8,'User',7,'[image/jpeg]','Amazing.jpg',NULL,NULL,'Image','2012-12-03 07:39:16',720,320,'images',NULL,7,NULL,'2012-12-03 07:39:17','2012-12-03 07:39:17',NULL),(9,'User',7,'[image/jpeg]','Animated.jpg',NULL,NULL,'Image','2012-12-03 07:39:18',720,320,'images',NULL,7,NULL,'2012-12-03 07:39:20','2012-12-03 07:39:20',NULL),(10,'User',7,'[image/jpeg]','Colourfull.jpg',NULL,NULL,'Image','2012-12-03 07:39:21',720,320,'images',NULL,7,NULL,'2012-12-03 07:39:23','2012-12-03 07:39:23',NULL),(26,'DailyEvent',3,'[image/jpeg]','Mundan_Shaving_of_first_growth_of_hair3.jpg',NULL,NULL,'Image','2012-12-10 13:46:42',250,250,'photo',NULL,6,NULL,'2012-12-10 13:46:44','2012-12-10 13:46:44',NULL),(27,'Puja',1,'[image/jpeg]','griha-pravesh-puja.jpg',NULL,NULL,'Image','2012-12-11 02:46:31',250,250,'photo',NULL,6,NULL,'2012-12-11 02:46:34','2012-12-11 02:46:34',NULL),(28,'Puja',2,'[image/jpeg]','janmadin-puja.jpg',NULL,NULL,'Image','2012-12-11 02:47:09',250,250,'photo',NULL,6,NULL,'2012-12-11 02:47:11','2012-12-11 02:47:11',NULL),(29,'Puja',3,'[image/jpeg]','satyanarayan-puja.jpg',NULL,NULL,'Image','2012-12-11 02:47:47',250,250,'photo',NULL,6,NULL,'2012-12-11 02:47:49','2012-12-11 02:47:49',NULL),(30,'Puja',4,'[image/jpeg]','vastu-shastra-puja.jpg',NULL,NULL,'Image','2012-12-11 02:48:22',250,250,'photo',NULL,6,NULL,'2012-12-11 02:48:24','2012-12-11 02:48:24',NULL),(31,'Puja',5,'[image/jpeg]','ganesh-puja.jpg',NULL,NULL,'Image','2012-12-11 02:49:06',250,250,'photo',NULL,6,NULL,'2012-12-11 02:49:09','2012-12-11 02:49:09',NULL),(32,'Puja',6,'[image/jpeg]','lakshmi-puja.jpg',NULL,NULL,'Image','2012-12-11 02:49:41',250,250,'photo',NULL,6,NULL,'2012-12-11 02:49:42','2012-12-11 02:49:42',NULL),(33,'Puja',7,'[image/jpeg]','kalsarp_yoga.jpg',NULL,NULL,'Image','2012-12-11 02:50:29',250,250,'photo',NULL,6,NULL,'2012-12-11 02:50:31','2012-12-11 02:50:31',NULL),(34,'Puja',8,'[image/jpeg]','krishna-mundan.jpg',NULL,NULL,'Image','2012-12-11 02:51:29',250,250,'photo',NULL,6,NULL,'2012-12-11 02:51:31','2012-12-11 02:51:31',NULL),(35,'Puja',9,'[image/jpeg]','Navagraha_puja.jpg',NULL,NULL,'Image','2012-12-11 02:52:25',280,250,'photo',NULL,6,NULL,'2012-12-11 02:52:27','2012-12-11 02:52:27',NULL),(36,'Puja',11,'[image/jpeg]','pind-dan.jpg',NULL,NULL,'Image','2012-12-11 02:52:59',250,250,'photo',NULL,6,NULL,'2012-12-11 02:53:01','2012-12-11 02:53:01',NULL),(37,'Puja',12,'[image/jpeg]','pittarshant-puja.jpg',NULL,NULL,'Image','2012-12-11 02:53:36',250,250,'photo',NULL,6,NULL,'2012-12-11 02:53:37','2012-12-11 02:53:37',NULL),(38,'Puja',13,'[image/jpeg]','shani-puja.jpg',NULL,NULL,'Image','2012-12-11 02:54:44',250,250,'photo',NULL,6,NULL,'2012-12-11 02:54:46','2012-12-11 02:54:46',NULL),(39,'User',18,'[image/jpeg]','scan0005.jpg',NULL,NULL,'Image','2012-12-13 10:08:12',347,505,'photo',NULL,18,NULL,'2012-12-13 10:08:15','2012-12-13 10:08:15',NULL),(40,'Puja',14,'[image/jpeg]','what-is-marriage.jpg',NULL,NULL,'Image','2012-12-18 04:22:38',600,450,'photo',NULL,6,NULL,'2012-12-18 04:22:44','2012-12-18 04:22:44',NULL),(41,'User',18,'[image/jpeg]','slide1.jpg',NULL,NULL,'Image','2012-12-18 11:06:12',646,404,'images',NULL,18,NULL,'2012-12-18 11:06:15','2012-12-18 11:06:15',NULL),(42,'User',18,'[image/jpeg]','slide2.jpg',NULL,NULL,'Image','2012-12-18 11:06:16',642,400,'images',NULL,18,NULL,'2012-12-18 11:06:21','2012-12-18 11:06:21',NULL),(43,'User',18,'[image/jpeg]','slide3.jpg',NULL,NULL,'Image','2012-12-18 11:06:23',636,421,'images',NULL,18,NULL,'2012-12-18 11:06:29','2012-12-18 11:06:29',NULL),(44,'User',18,'[image/jpeg]','slide4.jpg',NULL,NULL,'Image','2012-12-18 11:06:33',635,410,'images',NULL,18,NULL,'2012-12-18 11:06:38','2012-12-18 11:06:38',NULL),(45,'User',18,'[image/jpeg]','slide5.jpg',NULL,NULL,'Image','2012-12-18 11:06:42',631,406,'images',NULL,18,NULL,'2012-12-18 11:06:46','2012-12-18 11:06:46',NULL);
/*!40000 ALTER TABLE `assets` ENABLE KEYS */;
UNLOCK TABLES;

--
-- Table structure for table `bookings`
--

DROP TABLE IF EXISTS `bookings`;
/*!40101 SET @saved_cs_client     = @@character_set_client */;
/*!40101 SET character_set_client = utf8 */;
CREATE TABLE `bookings` (
  `id` int(11) NOT NULL AUTO_INCREMENT,
  `address` text COLLATE utf8_unicode_ci,
  `puja_id` int(11) DEFAULT NULL,
  `city_id` int(11) DEFAULT NULL,
  `location_id` int(11) DEFAULT NULL,
  `user_id` int(11) DEFAULT NULL,
  `guruji_id` int(11) DEFAULT NULL,
  `prefered_time` datetime DEFAULT NULL,
  `note` text COLLATE utf8_unicode_ci,
  `created_at` datetime NOT NULL,
  `updated_at` datetime NOT NULL,
  PRIMARY KEY (`id`)
) ENGINE=InnoDB AUTO_INCREMENT=64 DEFAULT CHARSET=utf8 COLLATE=utf8_unicode_ci;
/*!40101 SET character_set_client = @saved_cs_client */;

--
-- Dumping data for table `bookings`
--

LOCK TABLES `bookings` WRITE;
/*!40000 ALTER TABLE `bookings` DISABLE KEYS */;
INSERT INTO `bookings` VALUES (1,'Lake town',2,1,172,9,NULL,'2012-12-21 01:30:00','asdasd','2012-12-07 11:57:45','2012-12-07 11:57:45'),(2,'pune',1,1,8,10,NULL,'2012-12-08 01:45:00','good','2012-12-07 22:51:20','2012-12-07 22:51:20'),(3,'test',2,1,173,11,NULL,'2012-12-12 12:59:00','test','2012-12-08 11:13:46','2012-12-08 11:13:46'),(4,'dssd',5,1,261,13,NULL,'2012-12-09 01:30:00','','2012-12-08 22:04:18','2012-12-08 22:04:18'),(5,'jhghfgh',1,3,114,14,NULL,'2012-12-10 01:30:00','test','2012-12-10 03:34:44','2012-12-10 03:34:44'),(6,'ijuhg',1,3,114,14,NULL,'2012-12-12 12:59:00','test + ie','2012-12-10 03:45:24','2012-12-10 03:45:24'),(7,'hdksfg',5,1,1,15,NULL,'2012-12-05 01:30:00','Test \r\n','2012-12-10 04:14:45','2012-12-10 04:14:45'),(8,'ASD',2,1,1,16,NULL,'2012-12-10 13:25:00','tEST NOTE','2012-12-10 04:26:27','2012-12-10 04:26:27'),(9,'Add',2,3,148,17,NULL,'2012-12-26 01:30:00','dfdsf','2012-12-10 23:34:31','2012-12-10 23:34:31'),(10,'asfsd',1,1,260,19,NULL,'2012-12-29 01:30:00','test note\r\n','2012-12-11 03:06:33','2012-12-11 03:06:33'),(11,'Test',1,1,173,20,NULL,'2012-12-11 01:00:00','testing booking','2012-12-11 04:30:13','2012-12-11 04:30:13'),(12,'ACC circle',5,3,14,21,NULL,'2012-12-20 03:48:00','','2012-12-11 10:05:53','2012-12-11 10:05:53'),(13,'bibvewadi',5,1,4,22,NULL,'2012-12-18 07:30:00','','2012-12-11 11:03:12','2012-12-11 11:03:12'),(14,'xyz',5,1,2,23,NULL,'2012-11-30 13:30:00','error','2012-12-11 15:12:59','2012-12-11 15:12:59'),(15,'sahkar nagar',1,1,261,24,NULL,'2013-01-02 01:30:00','Hi','2012-12-13 23:22:19','2012-12-13 23:22:19'),(16,'Pune',1,1,1,26,NULL,'2012-12-13 21:57:00','','2012-12-14 08:28:16','2012-12-14 08:28:16'),(17,'add',2,1,1,27,NULL,'2012-12-28 01:30:00','','2012-12-14 10:42:29','2012-12-14 10:42:29'),(18,'sdfa',1,2,19,28,NULL,'2012-12-14 02:02:00','','2012-12-14 12:33:22','2012-12-14 12:33:22'),(19,'sdfsf',4,1,260,29,NULL,'2013-01-19 01:30:00','test','2012-12-16 06:49:38','2012-12-16 06:49:38'),(20,'rasta peth',2,1,236,32,NULL,'2013-04-14 02:30:00','','2012-12-17 23:09:52','2012-12-17 23:09:52'),(21,'keshav plaza',7,1,173,36,NULL,'2012-12-23 01:30:00','','2012-12-18 00:38:44','2012-12-18 00:38:44'),(22,'Tanish Icon',1,1,191,38,NULL,'2013-01-26 00:30:00','a','2012-12-18 01:04:56','2012-12-18 01:04:56'),(23,'a',3,1,1,39,NULL,'2012-12-17 15:07:00','','2012-12-18 01:38:54','2012-12-18 01:38:54'),(24,'Dhankawadi',1,1,3,40,NULL,'2012-12-17 15:09:00','','2012-12-18 01:39:58','2012-12-18 01:39:58'),(25,'esc',7,1,175,41,NULL,'2013-01-19 01:30:00','','2012-12-18 02:03:05','2012-12-18 02:03:05'),(26,'narhe ambegaon',7,1,2,42,NULL,'2012-12-17 16:16:00','','2012-12-18 02:47:40','2012-12-18 02:47:40'),(27,'a',4,3,15,43,NULL,'2012-12-19 13:30:00','as','2012-12-18 02:51:12','2012-12-18 02:51:12'),(28,'Vadgaon B. Madhya Path',4,1,245,44,NULL,'2013-01-17 01:30:00','Mi Guruji Select Kele Aahe Phan Puja Samagri Kai-Kai ahe the Sanga & Changla Guruji Select Kara','2012-12-18 03:04:51','2012-12-18 03:04:51'),(29,'pune',1,1,1,45,NULL,'2012-12-18 04:37:00','Test enq','2012-12-18 03:07:50','2012-12-18 03:07:50'),(30,'Chafekar Chowk, Pimpri Chinchwad',4,1,230,47,NULL,'2012-12-18 01:30:00','','2012-12-18 03:35:13','2012-12-18 03:35:13'),(31,'A/p Umbare, Tal. Bhor, Dist Pune',4,1,236,49,NULL,'2013-01-17 13:30:00','','2012-12-18 05:19:33','2012-12-18 05:19:33'),(32,'sahkar nagar',4,1,8,24,NULL,'2013-01-04 21:30:00','...','2012-12-18 05:29:56','2012-12-18 05:29:56'),(33,'Undri, Hadapsar, Pune.',4,1,7,51,NULL,'2013-01-05 01:30:00','','2012-12-18 06:21:33','2012-12-18 06:21:33'),(34,'dairy road',1,1,2,55,NULL,'2012-12-25 01:30:00','','2012-12-18 07:51:43','2012-12-18 07:51:43'),(35,'E-17/90 Queens Garden Govt Quartar',3,1,6,56,NULL,'2012-12-24 23:45:00','along with material send fees.','2012-12-18 08:06:33','2012-12-18 08:06:33'),(36,'muthiyan Apt.Flat No.1',13,1,8,57,NULL,'2012-12-27 09:42:00','along with all material come.','2012-12-18 08:15:10','2012-12-18 08:15:10'),(37,'Pashan',4,1,1,58,NULL,'2012-12-26 01:30:00','','2012-12-18 08:27:52','2012-12-18 08:27:52'),(38,'Lohegaon',4,1,206,59,NULL,'2012-12-28 19:30:00','','2012-12-18 09:14:49','2012-12-18 09:14:49'),(39,'KK Market',4,1,4,60,NULL,'2012-12-30 13:30:00','Test','2012-12-18 09:35:28','2012-12-18 09:35:28'),(40,'dhayri',4,1,190,62,NULL,'2012-12-25 13:30:00','','2012-12-18 14:35:40','2012-12-18 14:35:40'),(41,'eefteefsdds',14,1,191,63,NULL,'2012-12-19 13:30:00','555dfdfdf','2012-12-18 15:17:11','2012-12-18 15:17:11'),(42,'sahkar nagar',4,1,8,24,NULL,'2013-01-04 01:30:00','Hi','2012-12-18 23:17:32','2012-12-18 23:17:32'),(43,'gokhalenagar',9,1,1,65,NULL,'2012-05-25 14:30:00','','2012-12-19 00:25:02','2012-12-19 00:25:02'),(44,'41EkopaSocy.Pune',14,1,1,66,NULL,'2012-12-18 14:11:00','24thJuly2013 la Guruji pahijet','2012-12-19 00:44:39','2012-12-19 00:44:39'),(45,'gokhalenagar',9,1,1,65,NULL,'2012-05-25 14:30:00','','2012-12-19 00:52:18','2012-12-19 00:52:18'),(46,'41Ekopa Socy.Market Yard Pune',14,1,4,66,NULL,'2013-04-23 14:30:00','lagnamuhurt','2012-12-19 00:55:02','2012-12-19 00:55:02'),(47,'rohan garima',3,1,1,67,NULL,'2012-12-30 11:30:00','','2012-12-19 01:12:29','2012-12-19 01:12:29'),(48,'sahkar nagar',3,1,169,24,NULL,'2012-12-28 22:30:00','hi','2012-12-19 09:27:26','2012-12-19 09:27:26'),(49,'63,rambaug colony,murlidhar terrace',6,1,8,69,NULL,'2012-12-22 17:30:00','','2012-12-19 11:20:55','2012-12-19 11:20:55'),(50,'Benkar Vasti, Dhayari',1,1,1,71,NULL,'2012-12-29 13:30:00','Graha Pravesh or Kalash Puja','2012-12-19 21:37:50','2012-12-19 21:37:50'),(51,'Benkar Vasti,',1,1,190,71,NULL,'2012-12-29 22:00:00','Kalash Pujan or Graha Pravesh','2012-12-19 21:46:05','2012-12-19 21:46:05'),(52,'tdrtte',5,1,5,72,NULL,'2012-12-20 13:30:00','dgdtg','2012-12-20 02:13:35','2012-12-20 02:13:35'),(53,'pune',14,1,168,73,NULL,'2012-12-24 01:30:00','','2012-12-20 02:31:44','2012-12-20 02:31:44'),(54,'a',3,1,254,43,NULL,'2012-12-22 01:30:00','','2012-12-20 03:40:25','2012-12-20 03:40:25'),(55,'Bilwaban f.c. Road Deccan gymkhana',3,1,1,75,NULL,'2012-12-27 01:30:00','','2012-12-20 10:20:33','2012-12-20 10:20:33'),(56,'67, Amriteshwar Society, Padmavati',3,1,235,77,NULL,'2012-12-25 01:30:00','Please confirm on phone','2012-12-20 12:34:33','2012-12-20 12:34:33'),(57,'sdghhgj',5,1,172,78,NULL,'2012-12-21 13:30:00','asdsf','2012-12-21 03:50:51','2012-12-21 03:50:51'),(58,'bibwewadi',1,1,2,81,NULL,'2012-12-13 01:30:00','','2012-12-22 03:59:08','2012-12-22 03:59:08'),(59,'testq',2,1,1,45,NULL,'2012-12-11 01:30:00','test','2012-12-22 08:15:33','2012-12-22 08:15:33'),(60,'aaa',2,1,1,82,NULL,'2012-12-12 01:30:00','','2012-12-22 08:17:50','2012-12-22 08:17:50'),(61,'shivaji nagar',1,1,1,83,NULL,'2012-12-23 00:24:00','a','2012-12-23 10:55:50','2012-12-23 10:55:50'),(62,'14 Bhuvaneshwar',1,1,1,84,NULL,'2013-01-28 01:30:00','charges  plz  see  www.cmitra.com','2012-12-23 21:36:42','2012-12-23 21:36:42'),(63,'bvbgvbfgfgfg',1,1,1,85,NULL,'2013-03-08 01:30:00','','2012-12-24 00:46:13','2012-12-24 00:46:13');
/*!40000 ALTER TABLE `bookings` ENABLE KEYS */;
UNLOCK TABLES;

--
-- Table structure for table `cities`
--

DROP TABLE IF EXISTS `cities`;
/*!40101 SET @saved_cs_client     = @@character_set_client */;
/*!40101 SET character_set_client = utf8 */;
CREATE TABLE `cities` (
  `id` int(11) NOT NULL AUTO_INCREMENT,
  `name` varchar(255) COLLATE utf8_unicode_ci DEFAULT NULL,
  `created_at` datetime NOT NULL,
  `updated_at` datetime NOT NULL,
  `slug` varchar(255) COLLATE utf8_unicode_ci DEFAULT NULL,
  PRIMARY KEY (`id`),
  UNIQUE KEY `index_cities_on_slug` (`slug`)
) ENGINE=InnoDB AUTO_INCREMENT=8 DEFAULT CHARSET=utf8 COLLATE=utf8_unicode_ci;
/*!40101 SET character_set_client = @saved_cs_client */;

--
-- Dumping data for table `cities`
--

LOCK TABLES `cities` WRITE;
/*!40000 ALTER TABLE `cities` DISABLE KEYS */;
INSERT INTO `cities` VALUES (1,'Pune','2012-11-29 12:07:32','2012-12-03 09:57:19','pune'),(2,'Mumbai','2012-11-29 12:07:39','2012-12-03 09:57:19','mumbai'),(3,'Nashik','2012-11-29 12:07:45','2012-12-03 09:57:19','nashik'),(4,'Shirdi','2012-11-29 12:07:51','2012-12-03 09:57:19','shirdi'),(5,'Nagpur','2012-11-29 12:07:57','2012-12-03 09:57:19','nagpur'),(6,'Aurangabad','2012-11-29 12:08:05','2012-12-03 09:57:19','aurangabad'),(7,'Thane','2012-11-30 12:31:15','2012-12-03 09:57:19','thane');
/*!40000 ALTER TABLE `cities` ENABLE KEYS */;
UNLOCK TABLES;

--
-- Table structure for table `contacts`
--

DROP TABLE IF EXISTS `contacts`;
/*!40101 SET @saved_cs_client     = @@character_set_client */;
/*!40101 SET character_set_client = utf8 */;
CREATE TABLE `contacts` (
  `id` int(11) NOT NULL AUTO_INCREMENT,
  `fname` varchar(255) COLLATE utf8_unicode_ci DEFAULT NULL,
  `lname` varchar(255) COLLATE utf8_unicode_ci DEFAULT NULL,
  `phone` int(11) DEFAULT NULL,
  `email` varchar(255) COLLATE utf8_unicode_ci DEFAULT NULL,
  `comment` text COLLATE utf8_unicode_ci,
  `created_at` datetime NOT NULL,
  `updated_at` datetime NOT NULL,
  PRIMARY KEY (`id`)
) ENGINE=InnoDB AUTO_INCREMENT=19 DEFAULT CHARSET=utf8 COLLATE=utf8_unicode_ci;
/*!40101 SET character_set_client = @saved_cs_client */;

--
-- Dumping data for table `contacts`
--

LOCK TABLES `contacts` WRITE;
/*!40000 ALTER TABLE `contacts` DISABLE KEYS */;
INSERT INTO `contacts` VALUES (1,'dd',NULL,87878787,'ddd@sss.com','dsdsdfsdfsdf','2012-10-31 05:42:39','2012-10-31 05:42:39'),(2,'sss',NULL,89787,'sss@ddd.com','jjhdjs','2012-11-27 01:05:33','2012-11-27 01:05:33'),(3,'Niket','Puranik',2147483647,'niket.puranik@gmail.com','Test Contact US','2012-12-11 03:48:53','2012-12-11 03:48:53'),(4,'Niket','Puranik',2147483647,'niket.puranik@gmail.com','Test-2','2012-12-11 03:59:00','2012-12-11 03:59:00'),(5,'Sumeet','Dhere',2147483647,'dhereguruji@gmail.com','Nice website. It`ll be very helpful for everyone. I appreciate your efforts for all the things. \r\nWish you Best of Luck !','2012-12-17 22:14:01','2012-12-17 22:14:01'),(6,'Tejas','shende',2147483647,'tejas@satarainfo.in','[Feedback]. Its a very good initiative. I do like this website. The thing I like most is you kept the things simple. I have couple of more suggestions as follows...\r\n\r\n1. please provide list of Guruji\'s area wise.\r\n2.  It would be great if you could bring this website in Marathi.\r\n\r\n~~Thanks,\r\nTejas Shende\r\nhttp://satarainfo.in','2012-12-17 22:22:16','2012-12-17 22:22:16'),(7,'Suyog','Shouche',2147483647,'Shouche.suyog@rediffmail.com','I want to register myself as guruji how can i do that? please let me know the procedure to be follow','2012-12-17 23:49:19','2012-12-17 23:49:19'),(8,'edfff','dfrrr',123345677,'abc@rediffmail.com','2dc','2012-12-18 03:00:49','2012-12-18 03:00:49'),(9,'Nitin','Bhutada',2147483647,'Nitinb@yahoo.com','Vastu Shanti ','2012-12-18 03:39:27','2012-12-18 03:39:27'),(10,'Swapnil','Aherkar',2147483647,'swapnilaherkar@gmail.com','Change that menu drop-down on services','2012-12-18 03:54:01','2012-12-18 03:54:01'),(11,'Saurabh','Mukhekar',2147483647,'saurabh1mukhekar@gmail.com','Hi I really like your concept. Now a days people are too busy &  they don\'t get enough time to search this kind of stuff. \r\n\r\nYour portal is helping them to manage it virtually :)\r\n\r\nKudos to your team.\r\n\r\nIn feature I like to see some Virtual Pooja facility form your end (Using  WebCam). This stuff will really help people during Ganesh Festiva,Durga Pooja  etc..\r\n\r\nAll the best for your upcoming enhancement. :) \r\n','2012-12-18 04:53:09','2012-12-18 04:53:09'),(12,'Amit','Lohotekar',2147483647,'amitlohotekar@gmail.com','I have successfully completed Krishnamurthy astrology course and practising right now Please let me know if I can provide my online services here.','2012-12-18 08:28:01','2012-12-18 08:28:01'),(13,'Rahul','Jadhav',2147483647,'newidealstoers@gmail.com','Shree Datta Jayanti puja','2012-12-19 05:11:10','2012-12-19 05:11:10'),(14,'Amol ','Mulay (Guruji',2147483647,'amol.mulay@rediff.com','I like your site. I am also staying near Tresure park and would like to add my name on your site. Could you please let me know the procedure for the same.\r\n\r\nThank you,','2012-12-19 11:44:55','2012-12-19 11:44:55'),(15,'pratap','kulkarni',2147483647,'pratapkulkarni@gmail.com','Namaste , I am also \"Guruji\" in Master of Astrology & Some Pooja i do. ','2012-12-20 07:14:57','2012-12-20 07:14:57'),(16,'Vaishali','Shinde',2147483647,'vaishaliksawant@rediffmail.com','Approximately how much Vastu shanti will cost?','2012-12-21 06:31:44','2012-12-21 06:31:44'),(17,'Snehal ','Lunkad',2147483647,'snehaldesigns@gmail.com','I am a Tarot card, Numerology & Palmistry reader. Can I have a pleasure to write for you?','2012-12-22 02:02:01','2012-12-22 02:02:01'),(18,'ashok','chandrachud',2147483647,'ashokchandrachud@yahoo.com','I am performing in this field for last 10 years and i have to inroal my name as a guruji.please mail your  conditions by mail ','2012-12-24 01:12:39','2012-12-24 01:12:39');
/*!40000 ALTER TABLE `contacts` ENABLE KEYS */;
UNLOCK TABLES;

--
-- Table structure for table `daily_events`
--

DROP TABLE IF EXISTS `daily_events`;
/*!40101 SET @saved_cs_client     = @@character_set_client */;
/*!40101 SET character_set_client = utf8 */;
CREATE TABLE `daily_events` (
  `id` int(11) NOT NULL AUTO_INCREMENT,
  `name` varchar(255) COLLATE utf8_unicode_ci DEFAULT NULL,
  `description` text COLLATE utf8_unicode_ci,
  `from_time` datetime DEFAULT NULL,
  `to_time` datetime DEFAULT NULL,
  `entity_type` varchar(255) COLLATE utf8_unicode_ci DEFAULT NULL,
  `entity_id` int(11) DEFAULT NULL,
  `tags` text COLLATE utf8_unicode_ci,
  `created_at` datetime NOT NULL,
  `updated_at` datetime NOT NULL,
  `puja_ids` text COLLATE utf8_unicode_ci,
  `slug` varchar(255) COLLATE utf8_unicode_ci DEFAULT NULL,
  PRIMARY KEY (`id`),
  UNIQUE KEY `index_daily_events_on_slug` (`slug`)
) ENGINE=InnoDB AUTO_INCREMENT=43 DEFAULT CHARSET=utf8 COLLATE=utf8_unicode_ci;
/*!40101 SET character_set_client = @saved_cs_client */;

--
-- Dumping data for table `daily_events`
--

LOCK TABLES `daily_events` WRITE;
/*!40000 ALTER TABLE `daily_events` DISABLE KEYS */;
INSERT INTO `daily_events` VALUES (3,'Mundan Ceremony Puja','<p>Mundan ceremony</p>','2012-12-15 16:30:00','2012-12-16 12:30:00',NULL,NULL,NULL,'2012-12-10 13:35:05','2012-12-10 23:12:23','8','mundan-ceremony-puja'),(4,'Mundan Ceremony Puja','<p>Mundan Ceremony</p>','2012-12-22 13:30:00','2012-12-23 01:30:00',NULL,NULL,NULL,'2012-12-10 22:19:52','2012-12-10 22:19:52','8','mundan-ceremony-puja--2'),(5,'Mundan Ceremony Puja','<p>Mundan Ceremony</p>','2013-01-06 01:30:00','2013-01-05 13:30:00',NULL,NULL,NULL,'2012-12-10 22:21:04','2012-12-10 22:21:04','8','mundan-ceremony-puja--3'),(6,'Mundan Ceremony Puja','<p>Mundan Ceremony</p>','2013-01-19 01:30:00','2013-01-19 01:30:00',NULL,NULL,NULL,'2012-12-10 22:22:03','2012-12-10 22:22:03','8','mundan-ceremony-puja--4'),(7,'Mundan Ceremony Puja','<p>Mundan Ceremony</p>','2013-01-23 13:30:00','2012-12-19 01:30:00',NULL,NULL,NULL,'2012-12-10 22:23:34','2012-12-10 22:23:34','8','mundan-ceremony-puja--5'),(8,'Mundan Ceremony Puja','<p>Mundan Ceremony</p>','2013-01-30 13:30:00','2013-01-31 01:30:00',NULL,NULL,NULL,'2012-12-10 22:34:53','2012-12-10 22:34:53','8','mundan-ceremony-puja--6'),(9,'GRAH PRAVESH PUJA','<p><a style=\"color: #000000; text-decoration: initial; margin: 0px; padding: 0px; outline: 0px; text-transform: uppercase; font-family: \'Helvetica Neue\', Helvetica, Arial, sans-serif; font-size: 13px; line-height: 18px;\" href=\"http://www.gurujiforpuja.com/pujas/grah-pravesh-puja\">GRAH PRAVESH PUJA</a></p>','2012-12-18 13:30:00','2012-12-19 01:30:00',NULL,NULL,NULL,'2012-12-10 22:36:39','2012-12-10 22:36:39','1','grah-pravesh-puja'),(10,'GRAH PRAVESH PUJA','<p><a style=\"color: #000000; text-decoration: initial; margin: 0px; padding: 0px; outline: 0px; text-transform: uppercase; font-family: \'Helvetica Neue\', Helvetica, Arial, sans-serif; font-size: 13px; line-height: 18px;\" href=\"http://www.gurujiforpuja.com/pujas/grah-pravesh-puja\">GRAH PRAVESH PUJA</a></p>','2012-12-25 13:30:00','2012-12-26 01:30:00',NULL,NULL,NULL,'2012-12-10 22:38:16','2012-12-10 22:38:16','1','grah-pravesh-puja--2'),(11,'GRAH PRAVESH PUJA','<p><a style=\"color: #000000; text-decoration: initial; margin: 0px; padding: 0px; outline: 0px; text-transform: uppercase; font-family: \'Helvetica Neue\', Helvetica, Arial, sans-serif; font-size: 13px; line-height: 18px;\" href=\"http://www.gurujiforpuja.com/pujas/grah-pravesh-puja\">GRAH PRAVESH PUJA</a></p>','2012-12-28 13:30:00','2012-12-29 01:30:00',NULL,NULL,NULL,'2012-12-10 22:39:05','2012-12-10 22:39:05','1','grah-pravesh-puja--3'),(12,'GRAH PRAVESH PUJA','<p><a style=\"color: #000000; text-decoration: initial; margin: 0px; padding: 0px; outline: 0px; text-transform: uppercase; font-family: \'Helvetica Neue\', Helvetica, Arial, sans-serif; font-size: 13px; line-height: 18px;\" href=\"http://www.gurujiforpuja.com/pujas/grah-pravesh-puja\">GRAH PRAVESH PUJA</a></p>','2013-01-04 14:30:00','2013-01-05 01:30:00',NULL,NULL,NULL,'2012-12-10 22:40:10','2012-12-10 22:40:10','1','grah-pravesh-puja--4'),(13,'Vastu Shanti','<p>10:45 AM</p>','2012-12-26 01:30:00','2012-12-26 01:30:00',NULL,NULL,NULL,'2012-12-11 00:27:03','2012-12-11 00:27:03','4','vastu-shanti'),(14,'Vastu Shanti','<p>4:00 AM</p>','2012-12-29 01:30:00','2012-12-29 01:30:00',NULL,NULL,NULL,'2012-12-11 00:27:46','2012-12-11 00:27:46','4','vastu-shanti--2'),(15,'Vastu Shanti','<p>8:26 AM</p>','2012-12-31 01:30:00','2012-12-31 01:30:00',NULL,NULL,NULL,'2012-12-11 00:28:25','2012-12-11 00:28:25','4','vastu-shanti--3'),(16,'Vastu Shanti','<p>-</p>','2013-01-03 01:30:00','2013-01-03 01:30:00',NULL,NULL,NULL,'2012-12-11 00:29:05','2012-12-11 00:29:05','4','vastu-shanti--4'),(17,'Vastu Shanti','<p>-</p>','2013-01-04 01:30:00','2013-01-04 01:30:00',NULL,NULL,NULL,'2012-12-11 00:29:44','2012-12-11 00:29:44','4','vastu-shanti--5'),(18,'Vastu Shanti','<p>-</p>','2013-01-05 01:30:00','2013-01-05 01:30:00',NULL,NULL,NULL,'2012-12-11 00:49:12','2012-12-11 00:49:12','4','vastu-shanti--6'),(19,'Vastu Shanti','<p>-</p>','2013-01-17 01:30:00','2013-01-17 01:30:00',NULL,NULL,NULL,'2012-12-11 00:49:56','2012-12-11 00:49:56','4','vastu-shanti--7'),(20,'Vastu Shanti','<p>-</p>','2013-01-18 01:30:00','2013-01-18 01:30:00',NULL,NULL,NULL,'2012-12-11 00:50:49','2012-12-11 00:50:49','4','vastu-shanti--8'),(21,'Vastu Shanti','<p>-</p>','2013-01-19 01:30:00','2013-01-19 01:30:00',NULL,NULL,NULL,'2012-12-11 00:51:20','2012-12-11 00:51:20','4','vastu-shanti--9'),(22,'Vastu Shanti','<p>-</p>','2013-01-23 01:30:00','2013-01-23 01:30:00',NULL,NULL,NULL,'2012-12-11 00:51:47','2012-12-11 00:51:47','4','vastu-shanti--10'),(25,'Kalsarpa Shanti','<p>-</p>','2012-12-17 01:30:00','2012-12-17 01:30:00',NULL,NULL,NULL,'2012-12-11 01:17:52','2012-12-11 01:17:52','7','kalsarpa-shanti'),(26,'Kalsarpa Shanti','<p>-</p>','2012-12-23 01:30:00','2012-12-23 01:30:00',NULL,NULL,NULL,'2012-12-11 01:18:51','2012-12-11 01:18:51','7','kalsarpa-shanti--2'),(27,'Kalsarpa Shanti','<p>-</p>','2013-01-01 01:30:00','2013-01-01 01:30:00',NULL,NULL,NULL,'2012-12-11 01:19:20','2012-12-11 01:19:20','7','kalsarpa-shanti--3'),(28,'Kalsarpa Shanti','<p>-</p>','2013-01-02 01:30:00','2013-01-02 01:30:00',NULL,NULL,NULL,'2012-12-11 01:19:45','2012-12-11 01:19:45','7','kalsarpa-shanti--4'),(29,'Kalsarpa Shanti','<p>-</p>','2013-01-08 01:30:00','2013-01-08 01:30:00',NULL,NULL,NULL,'2012-12-11 01:20:11','2012-12-11 01:20:11','7','kalsarpa-shanti--5'),(30,'Kalsarpa Shanti','<p>-</p>','2012-12-13 01:30:00','2012-12-13 01:30:00',NULL,NULL,NULL,'2012-12-11 01:20:44','2012-12-11 01:20:44','7','kalsarpa-shanti--6'),(31,'Kalsarpa Shanti','<p>-</p>','2013-01-15 15:00:00','2013-01-15 15:00:00',NULL,NULL,NULL,'2012-12-11 01:21:29','2012-12-11 01:26:11','7','kalsarpa-shanti--7'),(32,'Kalsarpa Shanti','<p>-</p>','2013-01-21 15:00:00','2013-01-21 15:00:00',NULL,NULL,NULL,'2012-12-11 01:21:53','2012-12-11 01:26:45','7','kalsarpa-shanti--8'),(33,'Kalsarpa Shanti','<p>-</p>','2013-01-27 15:00:00','2013-01-27 15:00:00',NULL,NULL,NULL,'2012-12-11 01:22:10','2012-12-11 01:26:59','7','kalsarpa-shanti--9'),(35,'Kalsarpa Shanti','<p>-</p>','2013-01-31 01:30:00','2013-01-31 01:30:00',NULL,NULL,NULL,'2012-12-11 01:28:31','2012-12-11 01:28:31','7','kalsarpa-shanti--10'),(36,'Janmadin Puja','<p>-</p>','2012-12-19 01:30:00','2012-12-19 01:30:00',NULL,NULL,NULL,'2012-12-11 03:01:47','2012-12-11 03:01:47','2','janmadin-puja'),(37,'Janmadin Puja','<p>-</p>','2012-12-26 01:30:00','2012-12-26 01:30:00',NULL,NULL,NULL,'2012-12-11 03:02:18','2012-12-11 03:02:18','2','janmadin-puja--2'),(38,'Janmadin Puja','<p>-</p>','2013-01-02 01:30:00','2013-01-02 01:30:00',NULL,NULL,NULL,'2012-12-11 03:02:58','2012-12-11 03:02:58','2','janmadin-puja--3'),(39,'Janmadin Puja','<p>-</p>','2013-01-06 01:30:00','2013-01-06 01:30:00',NULL,NULL,NULL,'2012-12-11 03:03:21','2012-12-11 03:03:21','2','janmadin-puja--4'),(40,'Janmadin Puja','<p>-</p>','2013-01-12 01:30:00','2013-01-12 01:30:00',NULL,NULL,NULL,'2012-12-11 03:03:40','2012-12-11 03:03:40','2','janmadin-puja--5'),(41,'Janmadin Puja','<p>-</p>','2013-01-20 01:30:00','2013-01-20 01:30:00',NULL,NULL,NULL,'2012-12-11 03:03:55','2012-12-11 03:03:55','2','janmadin-puja--6'),(42,'Janmadin Puja','<p>-</p>','2013-01-31 01:30:00','2013-01-31 01:30:00',NULL,NULL,NULL,'2012-12-11 03:04:12','2012-12-11 03:04:12','2','janmadin-puja--7');
/*!40000 ALTER TABLE `daily_events` ENABLE KEYS */;
UNLOCK TABLES;

--
-- Table structure for table `emails`
--

DROP TABLE IF EXISTS `emails`;
/*!40101 SET @saved_cs_client     = @@character_set_client */;
/*!40101 SET character_set_client = utf8 */;
CREATE TABLE `emails` (
  `id` int(11) NOT NULL AUTO_INCREMENT,
  `from` varchar(255) COLLATE utf8_unicode_ci DEFAULT NULL,
  `to` varchar(255) COLLATE utf8_unicode_ci DEFAULT NULL,
  `last_send_attempt` int(11) DEFAULT '0',
  `mail` text COLLATE utf8_unicode_ci,
  `created_on` datetime DEFAULT NULL,
  `subject` text COLLATE utf8_unicode_ci,
  PRIMARY KEY (`id`)
) ENGINE=InnoDB AUTO_INCREMENT=10 DEFAULT CHARSET=utf8 COLLATE=utf8_unicode_ci;
/*!40101 SET character_set_client = @saved_cs_client */;

--
-- Dumping data for table `emails`
--

LOCK TABLES `emails` WRITE;
/*!40000 ALTER TABLE `emails` DISABLE KEYS */;
/*!40000 ALTER TABLE `emails` ENABLE KEYS */;
UNLOCK TABLES;

--
-- Table structure for table `locations`
--

DROP TABLE IF EXISTS `locations`;
/*!40101 SET @saved_cs_client     = @@character_set_client */;
/*!40101 SET character_set_client = utf8 */;
CREATE TABLE `locations` (
  `id` int(11) NOT NULL AUTO_INCREMENT,
  `name` varchar(255) COLLATE utf8_unicode_ci DEFAULT NULL,
  `city_id` int(11) DEFAULT NULL,
  `created_at` datetime NOT NULL,
  `updated_at` datetime NOT NULL,
  `slug` varchar(255) COLLATE utf8_unicode_ci DEFAULT NULL,
  PRIMARY KEY (`id`),
  UNIQUE KEY `index_locations_on_slug` (`slug`)
) ENGINE=InnoDB AUTO_INCREMENT=262 DEFAULT CHARSET=utf8 COLLATE=utf8_unicode_ci;
/*!40101 SET character_set_client = @saved_cs_client */;

--
-- Dumping data for table `locations`
--

LOCK TABLES `locations` WRITE;
/*!40000 ALTER TABLE `locations` DISABLE KEYS */;
INSERT INTO `locations` VALUES (1,'Shivajinagar',1,'2012-11-29 12:08:17','2012-12-03 09:57:26','shivajinagar'),(2,'Katraj',1,'2012-11-29 12:08:27','2012-12-03 09:57:26','katraj'),(3,'Dhankawadi',1,'2012-11-29 12:08:38','2012-12-03 09:57:26','dhankawadi'),(4,'Bibwewadi',1,'2012-11-29 12:08:48','2012-12-03 09:57:26','bibwewadi'),(5,'Swargate',1,'2012-11-29 12:08:57','2012-12-03 09:57:26','swargate'),(6,'Camp',1,'2012-11-29 12:09:05','2012-12-03 09:57:26','camp'),(7,'Hadapsar',1,'2012-11-29 12:09:16','2012-12-03 09:57:26','hadapsar'),(8,'Kothrud',1,'2012-11-29 12:09:25','2012-12-03 09:57:26','kothrud'),(9,'Viman Nagar',1,'2012-11-29 12:09:40','2012-12-03 09:57:26','viman-nagar'),(10,'Kondhwa BK',1,'2012-11-29 12:09:59','2012-12-03 09:57:26','kondhwa-bk'),(11,'Bandra',2,'2012-11-29 12:10:12','2012-12-03 09:57:26','bandra'),(12,'Worli',2,'2012-11-29 12:10:21','2012-12-03 09:57:26','worli'),(13,'Juhu',2,'2012-11-29 12:10:35','2012-12-03 09:57:26','juhu'),(14,'CBS',3,'2012-11-29 12:10:55','2012-12-03 09:57:26','cbs'),(15,'Trimbak',3,'2012-11-29 12:11:09','2012-12-03 09:57:26','trimbak'),(16,'Shirdi',4,'2012-11-29 12:11:21','2012-12-03 09:57:26','shirdi'),(17,'Panwel',7,'2012-11-30 12:31:46','2012-12-03 09:57:26','panwel'),(18,'Andheri(East)',2,'2012-12-03 07:15:14','2012-12-03 09:57:26','andheri-east'),(19,'Andheri(West)',2,'2012-12-03 07:15:14','2012-12-03 09:57:26','andheri-west'),(20,'Borivali (East)',2,'2012-12-03 07:15:14','2012-12-03 09:57:26','borivali-east'),(21,'Borivali (West)',2,'2012-12-03 07:15:14','2012-12-03 09:57:26','borivali-west'),(22,'Chandivali',2,'2012-12-03 07:15:14','2012-12-03 09:57:26','chandivali'),(23,'Charkop',2,'2012-12-03 07:15:14','2012-12-03 09:57:26','charkop'),(24,'Dahisar',2,'2012-12-03 07:15:14','2012-12-03 09:57:26','dahisar'),(25,'Goregaon (East)',2,'2012-12-03 07:15:14','2012-12-03 09:57:27','goregaon-east'),(26,'Goregaon (West)',2,'2012-12-03 07:15:14','2012-12-03 09:57:27','goregaon-west'),(27,'I C Colony',2,'2012-12-03 07:15:14','2012-12-03 09:57:27','i-c-colony'),(28,'Kandivali (West)',2,'2012-12-03 07:15:14','2012-12-03 09:57:27','kandivali-west'),(29,'Lokhandwala',2,'2012-12-03 07:15:14','2012-12-03 09:57:27','lokhandwala'),(30,'Malad (East)',2,'2012-12-03 07:15:14','2012-12-03 09:57:27','malad-east'),(31,'Malad (West)',2,'2012-12-03 07:15:14','2012-12-03 09:57:27','malad-west'),(32,'Airoli',2,'2012-12-03 07:15:14','2012-12-03 09:57:27','airoli'),(33,'Belapur',2,'2012-12-03 07:15:14','2012-12-03 09:57:27','belapur'),(34,'Ghansoli',2,'2012-12-03 07:15:14','2012-12-03 09:57:27','ghansoli'),(35,'Kalamboli',2,'2012-12-03 07:15:14','2012-12-03 09:57:27','kalamboli'),(36,'Khandeshwar',2,'2012-12-03 07:15:14','2012-12-03 09:57:27','khandeshwar'),(37,'Koperkhairane',2,'2012-12-03 07:15:14','2012-12-03 09:57:27','koperkhairane'),(38,'Nerul',2,'2012-12-03 07:15:14','2012-12-03 09:57:27','nerul'),(39,'Panvel',2,'2012-12-03 07:15:14','2012-12-03 09:57:27','panvel'),(40,'Roadpali',2,'2012-12-03 07:15:15','2012-12-03 09:57:27','roadpali'),(41,'Sanpada',2,'2012-12-03 07:15:15','2012-12-03 09:57:27','sanpada'),(42,'Sea Woods',2,'2012-12-03 07:15:15','2012-12-03 09:57:27','sea-woods'),(43,'Taloja Panchanand',2,'2012-12-03 07:15:15','2012-12-03 09:57:27','taloja-panchanand'),(44,'Ulwe',2,'2012-12-03 07:15:15','2012-12-03 09:57:27','ulwe'),(45,'Vashi',2,'2012-12-03 07:15:15','2012-12-03 09:57:27','vashi'),(46,'New Panvel',2,'2012-12-03 07:15:15','2012-12-03 09:57:27','new-panvel'),(47,'Palm Beach',2,'2012-12-03 07:15:15','2012-12-03 09:57:27','palm-beach'),(48,'Dhokali Naka',7,'2012-12-03 07:15:15','2012-12-03 09:57:27','dhokali-naka'),(49,'G B Road',7,'2012-12-03 07:15:15','2012-12-03 09:57:27','g-b-road'),(50,'Ghodbunder Road',7,'2012-12-03 07:15:15','2012-12-03 09:57:27','ghodbunder-road'),(51,'Hiranandani Estate',7,'2012-12-03 07:15:15','2012-12-03 09:57:27','hiranandani-estate'),(52,'Hiranandani Meadows',7,'2012-12-03 07:15:15','2012-12-03 09:57:27','hiranandani-meadows'),(53,'Kasar Vadavali',7,'2012-12-03 07:15:15','2012-12-03 09:57:27','kasar-vadavali'),(54,'Kolshe Road',7,'2012-12-03 07:15:15','2012-12-03 09:57:27','kolshe-road'),(55,'Majiwada',7,'2012-12-03 07:15:15','2012-12-03 09:57:27','majiwada'),(56,'Manpada',7,'2012-12-03 07:15:15','2012-12-03 09:57:27','manpada'),(57,'Pokharan Road',7,'2012-12-03 07:15:15','2012-12-03 09:57:27','pokharan-road'),(58,'Pokhran 2',7,'2012-12-03 07:15:15','2012-12-03 09:57:27','pokhran-2'),(59,'Thane (East)',7,'2012-12-03 07:15:15','2012-12-03 09:57:27','thane-east'),(60,'Thane West',7,'2012-12-03 07:15:15','2012-12-03 09:57:27','thane-west'),(61,'Vartak Nagar',7,'2012-12-03 07:15:15','2012-12-03 09:57:27','vartak-nagar'),(62,'Vasant Vihar',7,'2012-12-03 07:15:15','2012-12-03 09:57:27','vasant-vihar'),(63,'Ambernath',7,'2012-12-03 07:15:15','2012-12-03 09:57:27','ambernath'),(64,'Asangaon',7,'2012-12-03 07:15:15','2012-12-03 09:57:27','asangaon'),(65,'Badlapur',7,'2012-12-03 07:15:15','2012-12-03 09:57:27','badlapur'),(66,'Bhiwandi',7,'2012-12-03 07:15:15','2012-12-03 09:57:27','bhiwandi'),(67,'Dombivili (East)',7,'2012-12-03 07:15:15','2012-12-03 09:57:27','dombivili-east'),(68,'Dombivili (West)',7,'2012-12-03 07:15:15','2012-12-03 09:57:27','dombivili-west'),(69,'Kalyan (East)',7,'2012-12-03 07:15:15','2012-12-03 09:57:27','kalyan-east'),(70,'Kalyan (West)',7,'2012-12-03 07:15:15','2012-12-03 09:57:27','kalyan-west'),(71,'Karjat',7,'2012-12-03 07:15:15','2012-12-03 09:57:27','karjat'),(72,'Neral',7,'2012-12-03 07:15:15','2012-12-03 09:57:27','neral'),(73,'Titwala',7,'2012-12-03 07:15:15','2012-12-03 09:57:27','titwala'),(74,'Bhandup (West)',2,'2012-12-03 07:15:15','2012-12-03 09:57:27','bhandup-west'),(75,'Chembur (East)',2,'2012-12-03 07:15:15','2012-12-03 09:57:27','chembur-east'),(76,'Ghatkopar (East)',2,'2012-12-03 07:15:15','2012-12-03 09:57:27','ghatkopar-east'),(77,'Ghatkopar West',2,'2012-12-03 07:15:15','2012-12-03 09:57:27','ghatkopar-west'),(78,'Hiranandani Gardens   Powai',2,'2012-12-03 07:15:15','2012-12-03 09:57:27','hiranandani-gardens-powai'),(79,'Mulund (East)',2,'2012-12-03 07:15:15','2012-12-03 09:57:27','mulund-east'),(80,'Mulund (West)',2,'2012-12-03 07:15:15','2012-12-03 09:57:27','mulund-west'),(81,'Powai',2,'2012-12-03 07:15:15','2012-12-03 09:57:27','powai'),(82,'Sion (East)',2,'2012-12-03 07:15:15','2012-12-03 09:57:27','sion-east'),(83,'Kurla (West)',2,'2012-12-03 07:15:15','2012-12-03 09:57:27','kurla-west'),(84,'Bevarly Park',2,'2012-12-03 07:15:15','2012-12-03 09:57:27','bevarly-park'),(85,'Bhayander (East)',2,'2012-12-03 07:15:15','2012-12-03 09:57:27','bhayander-east'),(86,'Boisar',2,'2012-12-03 07:15:15','2012-12-03 09:57:27','boisar'),(87,'Naigaon (East)',2,'2012-12-03 07:15:15','2012-12-03 09:57:27','naigaon-east'),(88,'Nalasopara (West)',2,'2012-12-03 07:15:15','2012-12-03 09:57:27','nalasopara-west'),(89,'Nallasopara',2,'2012-12-03 07:15:15','2012-12-03 09:57:27','nallasopara'),(90,'Vasai Road',2,'2012-12-03 07:15:15','2012-12-03 09:57:27','vasai-road'),(91,'Virar',2,'2012-12-03 07:15:15','2012-12-03 09:57:27','virar'),(92,'Cuffe Parade',2,'2012-12-03 07:15:15','2012-12-03 09:57:27','cuffe-parade'),(93,'Dadar (East)',2,'2012-12-03 07:15:15','2012-12-03 09:57:27','dadar-east'),(94,'Dadar (West)',2,'2012-12-03 07:15:15','2012-12-03 09:57:27','dadar-west'),(95,'Lower Parel',2,'2012-12-03 07:15:15','2012-12-03 09:57:27','lower-parel'),(96,'Mahalaxmi',2,'2012-12-03 07:15:15','2012-12-03 09:57:27','mahalaxmi'),(97,'Marine Drive',2,'2012-12-03 07:15:15','2012-12-03 09:57:27','marine-drive'),(98,'Napean Sea Road',2,'2012-12-03 07:15:15','2012-12-03 09:57:27','napean-sea-road'),(99,'Parel',2,'2012-12-03 07:15:15','2012-12-03 09:57:27','parel'),(100,'Prabhadevi',2,'2012-12-03 07:15:15','2012-12-03 09:57:27','prabhadevi'),(101,'Tardeo',2,'2012-12-03 07:15:15','2012-12-03 09:57:27','tardeo'),(102,'Chembur',2,'2012-12-03 07:15:15','2012-12-03 09:57:27','chembur'),(103,'Deonar',2,'2012-12-03 07:15:15','2012-12-03 09:57:27','deonar'),(104,'Sewri',2,'2012-12-03 07:15:15','2012-12-03 09:57:27','sewri'),(105,'Wadala',2,'2012-12-03 07:15:15','2012-12-03 09:57:27','wadala'),(106,'Bandra (East)',2,'2012-12-03 07:15:15','2012-12-03 09:57:27','bandra-east'),(107,'Bandra (West)',2,'2012-12-03 07:15:15','2012-12-03 09:57:27','bandra-west'),(108,'Khar',2,'2012-12-03 07:15:15','2012-12-03 09:57:27','khar'),(109,'Santacruz (East)',2,'2012-12-03 07:15:15','2012-12-03 09:57:28','santacruz-east'),(110,'Santacruz (West)',2,'2012-12-03 07:15:15','2012-12-03 09:57:28','santacruz-west'),(111,'Panchavati',3,'2012-12-03 07:16:47','2012-12-03 09:57:28','panchavati'),(112,'Tapovan',3,'2012-12-03 07:16:47','2012-12-03 09:57:28','tapovan'),(113,'Ekhlahre',3,'2012-12-03 07:16:47','2012-12-03 09:57:28','ekhlahre'),(114,'Adgaon',3,'2012-12-03 07:16:47','2012-12-03 09:57:28','adgaon'),(115,'Hirawadi',3,'2012-12-03 07:16:47','2012-12-03 09:57:28','hirawadi'),(116,'Ramkund',3,'2012-12-03 07:16:47','2012-12-03 09:57:28','ramkund'),(117,'Dwarka',3,'2012-12-03 07:16:47','2012-12-03 09:57:28','dwarka'),(118,'Kathe Galli',3,'2012-12-03 07:16:47','2012-12-03 09:57:28','kathe-galli'),(119,'Shivaji Nagar',3,'2012-12-03 07:16:47','2012-12-03 09:57:28','shivaji-nagar'),(120,'Bodhle Nagar',3,'2012-12-03 07:16:47','2012-12-03 09:57:28','bodhle-nagar'),(121,'Deep Nagar',3,'2012-12-03 07:16:47','2012-12-03 09:57:28','deep-nagar'),(122,'Up Nagar',3,'2012-12-03 07:16:47','2012-12-03 09:57:28','up-nagar'),(123,'Tagore Nagar',3,'2012-12-03 07:16:47','2012-12-03 09:57:28','tagore-nagar'),(124,'Djp Nagar',3,'2012-12-03 07:16:47','2012-12-03 09:57:28','djp-nagar'),(125,'Nashik Road',3,'2012-12-03 07:16:47','2012-12-03 09:57:28','nashik-road'),(126,'Devlali',3,'2012-12-03 07:16:47','2012-12-03 09:57:28','devlali'),(127,'Devlali Camp',3,'2012-12-03 07:16:47','2012-12-03 09:57:28','devlali-camp'),(128,'Gandhi Nagar',3,'2012-12-03 07:16:47','2012-12-03 09:57:28','gandhi-nagar'),(129,'Mhasobha Nagar',3,'2012-12-03 07:16:47','2012-12-03 09:57:28','mhasobha-nagar'),(130,'Francis Wadi',3,'2012-12-03 07:16:47','2012-12-03 09:57:28','francis-wadi'),(131,'Pakhal Road',3,'2012-12-03 07:16:47','2012-12-03 09:57:28','pakhal-road'),(132,'Vaidya Nagar',3,'2012-12-03 07:16:47','2012-12-03 09:57:28','vaidya-nagar'),(133,'Bhabhanagar',3,'2012-12-03 07:16:47','2012-12-03 09:57:28','bhabhanagar'),(134,'Mumbai Naka',3,'2012-12-03 07:16:47','2012-12-03 09:57:28','mumbai-naka'),(135,'Tidke Colony',3,'2012-12-03 07:16:47','2012-12-03 09:57:28','tidke-colony'),(136,'Thakkar Bazar',3,'2012-12-03 07:16:47','2012-12-03 09:57:28','thakkar-bazar'),(137,'Ganjmal',3,'2012-12-03 07:16:47','2012-12-03 09:57:28','ganjmal'),(138,'Gangapur Road',3,'2012-12-03 07:16:47','2012-12-03 09:57:28','gangapur-road'),(139,'Sharanpur Road',3,'2012-12-03 07:16:48','2012-12-03 09:57:28','sharanpur-road'),(140,'College Road',3,'2012-12-03 07:16:48','2012-12-03 09:57:28','college-road'),(141,'Canada Corner',3,'2012-12-03 07:16:48','2012-12-03 09:57:28','canada-corner'),(142,'Sharanpur',3,'2012-12-03 07:16:48','2012-12-03 09:57:28','sharanpur'),(143,'Ashok Stambh',3,'2012-12-03 07:16:48','2012-12-03 09:57:28','ashok-stambh'),(144,'Main Road',3,'2012-12-03 07:16:48','2012-12-03 09:57:28','main-road'),(145,'Mg Raod',3,'2012-12-03 07:16:48','2012-12-03 09:57:28','mg-raod'),(146,'Rk',3,'2012-12-03 07:16:48','2012-12-03 09:57:28','rk'),(147,'Gangapur',3,'2012-12-03 07:16:48','2012-12-03 09:57:28','gangapur'),(148,'Ananadvali',3,'2012-12-03 07:16:48','2012-12-03 09:57:28','ananadvali'),(149,'Satpur',3,'2012-12-03 07:16:48','2012-12-03 09:57:28','satpur'),(150,'Ambad',3,'2012-12-03 07:16:48','2012-12-03 09:57:28','ambad'),(151,'Satpur Midc',3,'2012-12-03 07:16:48','2012-12-03 09:57:28','satpur-midc'),(152,'Ambad Midc',3,'2012-12-03 07:16:48','2012-12-03 09:57:28','ambad-midc'),(153,'Indira Nagar',3,'2012-12-03 07:16:48','2012-12-03 09:57:28','indira-nagar'),(154,'Cidco',3,'2012-12-03 07:16:48','2012-12-03 09:57:28','cidco'),(155,'Mahatma Nagar',3,'2012-12-03 07:16:48','2012-12-03 09:57:28','mahatma-nagar'),(156,'Trimbak Road',3,'2012-12-03 07:16:48','2012-12-03 09:57:28','trimbak-road'),(157,'Rane Nagar',3,'2012-12-03 07:16:48','2012-12-03 09:57:28','rane-nagar'),(158,'Ashwin Nagar',3,'2012-12-03 07:16:48','2012-12-03 09:57:28','ashwin-nagar'),(159,'Govind Nagar',3,'2012-12-03 07:16:48','2012-12-03 09:57:28','govind-nagar'),(160,'Wadala Naka',3,'2012-12-03 07:16:48','2012-12-03 09:57:28','wadala-naka'),(161,'Bhadrakali',3,'2012-12-03 07:16:48','2012-12-03 09:57:28','bhadrakali'),(162,'Pathardi',3,'2012-12-03 07:16:48','2012-12-03 09:57:28','pathardi'),(163,'Pathatdi Fata',3,'2012-12-03 07:16:48','2012-12-03 09:57:28','pathatdi-fata'),(164,'Kamatwada',3,'2012-12-03 07:16:48','2012-12-03 09:57:28','kamatwada'),(165,'Kazipura',3,'2012-12-03 07:16:48','2012-12-03 09:57:28','kazipura'),(166,'Badi Darghah',3,'2012-12-03 07:16:48','2012-12-03 09:57:28','badi-darghah'),(167,'Akurdi',1,'2012-12-03 07:16:48','2012-12-03 09:57:28','akurdi'),(168,'Ambe Gaon',1,'2012-12-03 07:16:48','2012-12-03 09:57:28','ambe-gaon'),(169,'Aundh',1,'2012-12-03 07:16:48','2012-12-03 09:57:28','aundh'),(170,'Aundh Annexe',1,'2012-12-03 07:16:48','2012-12-03 09:57:28','aundh-annexe'),(171,'B.T Kawade Road',1,'2012-12-03 07:16:48','2012-12-03 09:57:28','b-t-kawade-road'),(172,'Balewadi',1,'2012-12-03 07:16:48','2012-12-03 09:57:28','balewadi'),(173,'Baner',1,'2012-12-03 07:16:48','2012-12-03 09:57:28','baner'),(174,'Baner – Pashan Link Road',1,'2012-12-03 07:16:48','2012-12-03 09:57:29','baner-pashan-link-road'),(175,'Bavdhan',1,'2012-12-03 07:16:48','2012-12-03 09:57:29','bavdhan'),(176,'Bharati Vidyapeeth',1,'2012-12-03 07:16:48','2012-12-03 09:57:29','bharati-vidyapeeth'),(177,'Bibvewadi',1,'2012-12-03 07:16:48','2012-12-03 09:57:29','bibvewadi'),(178,'Bhosari',1,'2012-12-03 07:16:48','2012-12-03 09:57:29','bhosari'),(179,'Bhosle Nagar',1,'2012-12-03 07:16:48','2012-12-03 09:57:29','bhosle-nagar'),(180,'Boat Club Road',1,'2012-12-03 07:16:48','2012-12-03 09:57:29','boat-club-road'),(181,'Chakan',1,'2012-12-03 07:16:48','2012-12-03 09:57:29','chakan'),(182,'Chandan Nagar',1,'2012-12-03 07:16:48','2012-12-03 09:57:29','chandan-nagar'),(183,'Chikhli',1,'2012-12-03 07:16:48','2012-12-03 09:57:29','chikhli'),(184,'Chinchwad',1,'2012-12-03 07:16:48','2012-12-03 09:57:29','chinchwad'),(185,'Chinchwad Gaon',1,'2012-12-03 07:16:48','2012-12-03 09:57:29','chinchwad-gaon'),(186,'Dange Chowk',1,'2012-12-03 07:16:48','2012-12-03 09:57:29','dange-chowk'),(187,'Dapodi',1,'2012-12-03 07:16:48','2012-12-03 09:57:29','dapodi'),(188,'Dhanakwadi',1,'2012-12-03 07:16:48','2012-12-03 09:57:29','dhanakwadi'),(189,'Dhanori',1,'2012-12-03 07:16:48','2012-12-03 09:57:29','dhanori'),(190,'Dhayri',1,'2012-12-03 07:16:48','2012-12-03 09:57:29','dhayri'),(191,'Dighi',1,'2012-12-03 07:16:48','2012-12-03 09:57:29','dighi'),(192,'Erandwane',1,'2012-12-03 07:16:48','2012-12-03 09:57:29','erandwane'),(193,'Fatima Nagar',1,'2012-12-03 07:16:48','2012-12-03 09:57:29','fatima-nagar'),(194,'Handewadi',1,'2012-12-03 07:16:48','2012-12-03 09:57:29','handewadi'),(195,'Hinjewadi',1,'2012-12-03 07:16:48','2012-12-03 09:57:29','hinjewadi'),(196,'Jejuri',1,'2012-12-03 07:16:48','2012-12-03 09:57:29','jejuri'),(197,'Kalewadi',1,'2012-12-03 07:16:48','2012-12-03 09:57:29','kalewadi'),(198,'Kalyani Nagar',1,'2012-12-03 07:16:48','2012-12-03 09:57:29','kalyani-nagar'),(199,'Kalyani Nagar Annexe',1,'2012-12-03 07:16:48','2012-12-03 09:57:29','kalyani-nagar-annexe'),(200,'Karve Nagar',1,'2012-12-03 07:16:48','2012-12-03 09:57:29','karve-nagar'),(201,'Karve Road',1,'2012-12-03 07:16:48','2012-12-03 09:57:29','karve-road'),(202,'Kharadi',1,'2012-12-03 07:16:48','2012-12-03 09:57:29','kharadi'),(203,'Kiwale',1,'2012-12-03 07:16:48','2012-12-03 09:57:29','kiwale'),(204,'Kondhwa',1,'2012-12-03 07:16:48','2012-12-03 09:57:29','kondhwa'),(205,'Koregaon Park',1,'2012-12-03 07:16:48','2012-12-03 09:57:29','koregaon-park'),(206,'Lohegaon',1,'2012-12-03 07:16:48','2012-12-03 09:57:29','lohegaon'),(207,'Lonavala',1,'2012-12-03 07:16:48','2012-12-03 09:57:29','lonavala'),(208,'Lullanagar',1,'2012-12-03 07:16:48','2012-12-03 09:57:29','lullanagar'),(209,'Magarpatta',1,'2012-12-03 07:16:48','2012-12-03 09:57:29','magarpatta'),(210,'Mangal Das Road',1,'2012-12-03 07:16:48','2012-12-03 09:57:29','mangal-das-road'),(211,'Manjri',1,'2012-12-03 07:16:48','2012-12-03 09:57:29','manjri'),(212,'Market Yard',1,'2012-12-03 07:16:48','2012-12-03 09:57:29','market-yard'),(213,'Model Colony',1,'2012-12-03 07:16:48','2012-12-03 09:57:29','model-colony'),(214,'Mohamadwadi',1,'2012-12-03 07:16:48','2012-12-03 09:57:29','mohamadwadi'),(215,'Moshi',1,'2012-12-03 07:16:48','2012-12-03 09:57:29','moshi'),(216,'Mukund Nagar',1,'2012-12-03 07:16:48','2012-12-03 09:57:29','mukund-nagar'),(217,'Mundhawa',1,'2012-12-03 07:16:48','2012-12-03 09:57:29','mundhawa'),(218,'Nibm',1,'2012-12-03 07:16:48','2012-12-03 09:57:29','nibm'),(219,'Nagar Road',1,'2012-12-03 07:16:48','2012-12-03 09:57:29','nagar-road'),(220,'Narhe',1,'2012-12-03 07:16:48','2012-12-03 09:57:29','narhe'),(221,'New Sanghvi',1,'2012-12-03 07:16:48','2012-12-03 09:57:29','new-sanghvi'),(222,'Nigdi',1,'2012-12-03 07:16:48','2012-12-03 09:57:29','nigdi'),(223,'Pashan',1,'2012-12-03 07:16:48','2012-12-03 09:57:29','pashan'),(224,'Pashan Sus Road',1,'2012-12-03 07:16:48','2012-12-03 09:57:29','pashan-sus-road'),(225,'Paud Road',1,'2012-12-03 07:16:48','2012-12-03 09:57:29','paud-road'),(226,'Pimple Gurav',1,'2012-12-03 07:16:48','2012-12-03 09:57:29','pimple-gurav'),(227,'Pimple Nilakh',1,'2012-12-03 07:16:48','2012-12-03 09:57:29','pimple-nilakh'),(228,'Pimple Saudagar',1,'2012-12-03 07:16:48','2012-12-03 09:57:29','pimple-saudagar'),(229,'Pimpri',1,'2012-12-03 07:16:48','2012-12-03 09:57:29','pimpri'),(230,'Pimpri Chinchwad',1,'2012-12-03 07:16:48','2012-12-03 09:57:29','pimpri-chinchwad'),(231,'Pisoli',1,'2012-12-03 07:16:48','2012-12-03 09:57:29','pisoli'),(232,'Prabhat Road',1,'2012-12-03 07:16:48','2012-12-03 09:57:29','prabhat-road'),(233,'Pradhikaran',1,'2012-12-03 07:16:48','2012-12-03 09:57:29','pradhikaran'),(234,'Pune Sholapur Road',1,'2012-12-03 07:16:48','2012-12-03 09:57:29','pune-sholapur-road'),(235,'Pune Satara Road',1,'2012-12-03 07:16:48','2012-12-03 09:57:29','pune-satara-road'),(236,'Pune/Others',1,'2012-12-03 07:16:48','2012-12-03 09:57:29','pune-others'),(237,'Rahatani',1,'2012-12-03 07:16:48','2012-12-03 09:57:29','rahatani'),(238,'Ravet',1,'2012-12-03 07:16:48','2012-12-03 09:57:29','ravet'),(239,'Salunke Vihar',1,'2012-12-03 07:16:48','2012-12-03 09:57:29','salunke-vihar'),(240,'Sanghvi',1,'2012-12-03 07:16:48','2012-12-03 09:57:29','sanghvi'),(241,'Saswad',1,'2012-12-03 07:16:48','2012-12-03 09:57:29','saswad'),(242,'Senapati Bapat Road',1,'2012-12-03 07:16:49','2012-12-03 09:57:29','senapati-bapat-road'),(243,'Shaniwar Peth',1,'2012-12-03 07:16:49','2012-12-03 09:57:29','shaniwar-peth'),(244,'Shastri Nagar',1,'2012-12-03 07:16:49','2012-12-03 09:57:29','shastri-nagar'),(245,'Singhad Road',1,'2012-12-03 07:16:49','2012-12-03 09:57:29','singhad-road'),(246,'Somatane',1,'2012-12-03 07:16:49','2012-12-03 09:57:29','somatane'),(247,'Sopan Bagh',1,'2012-12-03 07:16:49','2012-12-03 09:57:29','sopan-bagh'),(248,'Tale Gaon',1,'2012-12-03 07:16:49','2012-12-03 09:57:29','tale-gaon'),(249,'Tingre Nagar',1,'2012-12-03 07:16:49','2012-12-03 09:57:29','tingre-nagar'),(250,'Undri',1,'2012-12-03 07:16:49','2012-12-03 09:57:29','undri'),(251,'Vadgaon Sheri',1,'2012-12-03 07:16:49','2012-12-03 09:57:29','vadgaon-sheri'),(252,'Vishrantwadi',1,'2012-12-03 07:16:49','2012-12-03 09:57:29','vishrantwadi'),(253,'Wadgaon Budruk',1,'2012-12-03 07:16:49','2012-12-03 09:57:29','wadgaon-budruk'),(254,'Wadgaon Sheri',1,'2012-12-03 07:16:49','2012-12-03 09:57:29','wadgaon-sheri'),(255,'Wagholi',1,'2012-12-03 07:16:49','2012-12-03 09:57:29','wagholi'),(256,'Wakad',1,'2012-12-03 07:16:49','2012-12-03 09:57:29','wakad'),(257,'Wanowrie',1,'2012-12-03 07:16:49','2012-12-03 09:57:29','wanowrie'),(258,'Warje',1,'2012-12-03 07:16:49','2012-12-03 09:57:29','warje'),(259,'Yerwada',1,'2012-12-03 07:16:49','2012-12-03 09:57:29','yerwada'),(260,'Sahakar Nagar Phase 1',1,'2012-12-08 09:56:39','2012-12-08 09:56:39','sahakar-nagar-phase-1'),(261,'Sahakar Nagar Phase 2',1,'2012-12-08 09:56:47','2012-12-08 09:56:47','sahakar-nagar-phase-2');
/*!40000 ALTER TABLE `locations` ENABLE KEYS */;
UNLOCK TABLES;

--
-- Table structure for table `plans`
--

DROP TABLE IF EXISTS `plans`;
/*!40101 SET @saved_cs_client     = @@character_set_client */;
/*!40101 SET character_set_client = utf8 */;
CREATE TABLE `plans` (
  `id` int(11) NOT NULL AUTO_INCREMENT,
  `name` varchar(255) COLLATE utf8_unicode_ci DEFAULT NULL,
  `price` decimal(10,0) DEFAULT NULL,
  `duration` int(11) DEFAULT NULL,
  `description` text COLLATE utf8_unicode_ci,
  `active` tinyint(1) DEFAULT NULL,
  `created_at` datetime NOT NULL,
  `updated_at` datetime NOT NULL,
  `slug` varchar(255) COLLATE utf8_unicode_ci DEFAULT NULL,
  `options` text COLLATE utf8_unicode_ci,
  PRIMARY KEY (`id`),
  UNIQUE KEY `index_plans_on_slug` (`slug`)
) ENGINE=InnoDB AUTO_INCREMENT=5 DEFAULT CHARSET=utf8 COLLATE=utf8_unicode_ci;
/*!40101 SET character_set_client = @saved_cs_client */;

--
-- Dumping data for table `plans`
--

LOCK TABLES `plans` WRITE;
/*!40000 ALTER TABLE `plans` DISABLE KEYS */;
INSERT INTO `plans` VALUES (1,'Basic Guruji','600',1,'<p>Basic Plan</p>',1,'2012-11-29 12:06:10','2012-12-24 10:41:29','basic-guruji','{\"pujas_limit\":\"5\",\"photos_limit\":\"5\",\"videos_limit\":\"2\",\"cities_limit\":\"1\",\"locations_limit\":\"20\",\"services_limit\":\"1\"}'),(2,'Advanced Guruji','800',1,'<p>Gold Plan</p>',1,'2012-11-29 12:06:31','2012-12-24 10:41:59','advanced-guruji','{\"pujas_limit\":\"5\",\"photos_limit\":\"10\",\"videos_limit\":\"5\",\"cities_limit\":\"1\",\"locations_limit\":\"40\",\"services_limit\":\"2\"}'),(3,'Fast Guruji','1000',1,'<p>Deluxe Plan</p>',1,'2012-11-29 12:06:58','2012-12-24 10:42:33','fast-guruji','{\"pujas_limit\":\"10\",\"photos_limit\":\"20\",\"videos_limit\":\"10\",\"cities_limit\":\"1\",\"locations_limit\":\"50\",\"services_limit\":\"4\"}'),(4,'Super Fast Guruji','2000',1,'<p>Platinum Plan</p>',1,'2012-11-29 12:07:15','2012-12-24 10:43:05','super-fast-guruji','{\"pujas_limit\":\"15\",\"photos_limit\":\"50\",\"videos_limit\":\"20\",\"cities_limit\":\"2\",\"locations_limit\":\"100\",\"services_limit\":\"5\"}');
/*!40000 ALTER TABLE `plans` ENABLE KEYS */;
UNLOCK TABLES;

--
-- Table structure for table `pujas`
--

DROP TABLE IF EXISTS `pujas`;
/*!40101 SET @saved_cs_client     = @@character_set_client */;
/*!40101 SET character_set_client = utf8 */;
CREATE TABLE `pujas` (
  `id` int(11) NOT NULL AUTO_INCREMENT,
  `name` varchar(255) COLLATE utf8_unicode_ci DEFAULT NULL,
  `description` text COLLATE utf8_unicode_ci,
  `samugri` text COLLATE utf8_unicode_ci,
  `process` text COLLATE utf8_unicode_ci,
  `category` varchar(255) COLLATE utf8_unicode_ci DEFAULT NULL,
  `created_at` datetime NOT NULL,
  `updated_at` datetime NOT NULL,
  `slug` varchar(255) COLLATE utf8_unicode_ci DEFAULT NULL,
  PRIMARY KEY (`id`),
  UNIQUE KEY `index_pujas_on_slug` (`slug`)
) ENGINE=InnoDB AUTO_INCREMENT=15 DEFAULT CHARSET=utf8 COLLATE=utf8_unicode_ci;
/*!40101 SET character_set_client = @saved_cs_client */;

--
-- Dumping data for table `pujas`
--

LOCK TABLES `pujas` WRITE;
/*!40000 ALTER TABLE `pujas` DISABLE KEYS */;
INSERT INTO `pujas` VALUES (1,'Grah Pravesh Puja','<p>The Grihapravesh is also called Vastu. The complete ritual takes six to seven hours. Early in the morning, Vastu pooja for Vastu devata is performed outside the house before the actual entry into the house.</p>\r\n<p>During Vastu puja, a kumbh (copper pot, as in the Bhoomi puja) is consecrated through worship out side the house. The Vastu pooja is undertaken to expiate the sins that could have been committed by the owners of the house during construction.</p>\r\n<p>After completing the Vastu and Kumbh pooja, the copper pot is taken inside the house by the husband and wife to a place where havan and various poojas take place. In the ritual inside the house different poojas like, pooja of sun, pooja of lamp, Ganpathi pooja, Pooja of the Kul devta, pooja of four directions, showering (abhishek) of the couple with water, Lakshmi pooja and Homa are all done.</p>\r\n<p>This pooja is concluded by distributing peanuts, dry fruits and pede- a kind of sweet made of milk, as prasad. Finally the guests are fed. On the eve of the graha pravesh, vastubali is performed inside the house.</p>\r\n<p>This is a pooja performed by a priest who is not a member of the family. It consists of Ganapathi pooja, Punyaha and Vastubali homa. These are done to appease the gods and propitiate them.</p> \r\n<p>Every Pooja begins with invoking Lord Ganesha and then the specialized moola mantra japam and other rituals help the Vedic Bramhin assigned the task to achieve your hearts desire through your sankalpam (your wish is conveyed at the fire ritual ceremony).</p>\r\n<p>Purity of panchang (almanac) and auspicioustime (muhurat) must be considered during the griha pravesh.</p>\r\n<p>Three types of griha pravesh have been mentioned in our ancient scriptures:<br/><br/>\r\n<b>Apoorva:</b> First entry to newly constructed house on a newly selected land is called apoorva (new) griha pravesh. <br/><br/>\r\n<b>Sapoorva:</b> Entry into an already existing house after travelling abroad or migration elsewhere is called sapoorva griha pravesh.<br/><br/>\r\n<b>Dwandwah:</b> Entry into a house to after reconstruction or renovation subsequent to damage due to fire, flood or earthquake, is termed as dwandwah (old) griha pravesh.</p>\r\n<p>For apoorva griha pravesh, the exact auspicious time need to be adhered to. For sapoorva griha pravesh or dwandwah griha pravesh, the purity of the panchang should be given due consideration.</p>','<div>\r\n<ul style=\"list-style:disc\">\r\n<li>Chandan powder / paste</li>\r\n<li>Flowers 1 bunch</li>\r\n<li> Agarbatti</li>\r\n<li> Kapoor</li>\r\n<li> Jaggery</li>\r\n<li> Plate for keeping rice</li>\r\n<li> Rice bag 10 lbs (color it with turmeric powder or kumkum and add few\r\ndrops of water and mix well) &ndash; also known as akshata</li>\r\n<li> Corn, separate seeds and stalks.</li>\r\n<li> Dhoop</li>\r\n<li> Deep (niranjan)</li>\r\n<li> Sweet dish to offer (like kheer/halwa)</li>\r\n<li> Kum kum</li>\r\n<li> Red blouse pieces 2. (2 feet by 2 feet)</li>\r\n<li> White blouse pieces 2 (2 feet by 2 feet)</li>\r\n<li> Kalash or lota (big sized which can hold the coconut and leaves)</li>\r\n<li> Manago or bettle leaves</li>\r\n<li> New vessel</li>\r\n<li> Milk</li>\r\n<li> Ganpathi idol or idol of your favorite deity (if you are sri vaishnava then\r\nyou need picture of narayana / vishnu)</li>\r\n<li> Real Cow or Cow idol or picture (optional)</li>\r\n<li> Few spoons (metal preferred to light camphor)</li>\r\n<li> Few plates</li>\r\n<li> Tumeric powder</li>\r\n<li> Ghee /oil for lamp</li>\r\n<li> 2 puja Coconuts (with coir on top ) + 1 for every door</li>\r\n<li> Cow Dung and cow urine</li>\r\n<li> Curd</li>\r\n<li> Red sewing thread.</li>\r\n<li> Lemos 4 for every door.</li>\r\n<li> Aluminium foil role.\r\n</ul>\r\n</div>\r\n','<p>On the day of the grahapravesh, before sunrise, Punyaha for vastu shudhi (purification) and Ganpathi poojas are done. According to the muhurat, members of the family enter the house. \r\n</p>\r\n<p>They carry ashtamangalya (eight kinds of godly things), navadhyana (nine kinds of grain), kodimundu (good piece of cloth) mirror, sandal etc. To the new home.</p>\r\n<p> The ashtamangala may consist of any eight auspicious things. A typical ashtmangala for functions like marriage, house warming etc. Would contain the following eight things kept on a platter:<br/>\r\n1. Flowers<br/>\r\n2. Fruits<br/> \r\n3. Val kannady, the mirror used in the marriage<br/> \r\n4. Betel leaf and out aracanut or the betel nut<br/> \r\n5. A small lamp<br/> \r\n6. Rice colored with turmeric (mangala akshatha)<br/> \r\n7. Kumkumam, kanmashi (a black eye ointment used to highlight the eyes)<br/> \r\n8. Washed dhoti Any nine kinds of seeds can be used as navadhanya; with minor restrictions evolved through practice.\r\n</p>\r\n<p>For example, gingerly is not used in auspicious occasions in some parts of the state. The seeds used are paddy grain, flex, wheat, pulse, small and large beans, thina-a small gracing.</p>\r\n<p>After entering the house Lakshmi Narayan pooja is performed. The grahanath (the wife) meanwhile boils milk in the kitchen, which should boil over and flow out, signifying abundance. </p>\r\n<p>The owners are required to stay overnight in the new house after the Grihapravesh ritual.</p>','House Warming','2012-11-29 12:12:35','2012-12-10 03:48:26','grah-pravesh-puja'),(2,'Janmadin Puja','<p>Janamdin Puja is done on the date of birth and recommended for everyone for happy long life.</p>\r\n<p>Janam Din Puja is one such activity which highlights the connection\r\nwith out tradition  and gives a new meaning with tradition and gives a new\r\nmeaning with every  passing day to our existence as the children of Great\r\nRishis and Sages.</p>\r\n<p>Every invocation to Gods and Rishis has specific relevance and by delving deeper into this we have a better and stronger understanding of the whole procedure and the practice that we have been carrying on for thousand of years. This thorough understanding would help us to\r\ncarry this tradition forward with renewed zeal and vigour knowing well the\r\nfoundations of that practice.</p>\r\n<p>The Birthday Puja is performed with the sole purpose of seeking the\r\nblessings of the Seven Great Immortal Rishis alongwith the originator of\r\nUniverse-lord Brahma. </p>\r\n<p>The Seven Great Immortal Rishis are Ashwath ama,\r\nBali, Hanuman, Kripacharya, Parshurama, Vibhishan and Vyas. These\r\nseven Rishis were bestowed with boons of immortality despite having human forms and therein lies the significance of invoking them for the Janam\r\nDin Puja.</p>\r\n<p>In seeking their blessings, we pray for a long, halthy and fulfilling\r\nlife.</p>','<p>Janmadin Puja</p>','<p>As far as possible do not set up Pooja near kitchen so that strong smell of spices will not cause problem\r\nduring the Pooja and also chatting in the kitchen will not create distraction during Pooja.</p>\r\n\r\n<p>Chaurang is to be used as a Pooja Dais on which all the Pooja is performed. Place the Chaurang against a\r\nwall in such way that the deities on the Chaurang are facing East (If not possible West is also OK). Place a\r\nnice decorative cloth on it.</p>\r\n\r\n<p>Keep all the Pooja samagri in different plates on the right side of the Chaurang. Prepare a bowl full of\r\nPanchamrut by adding 2-3 tea spoon curd, 1 spoon honey, 1-2 spoons pure ghee & 1 spoon sugar to about\r\n1 cup milk.</p>\r\n<p>If required prepare more pamchamrut enough for all the guests invited for the Pooja.</p>\r\n\r\n<p>Place 2 flowerpots at the 2 backside corners of the Chaurang.</p>\r\n\r\n<p>In the center of the Chaurang put handful of rice grains and place silver or copper Kalash.</p>\r\n\r\n<p>Fill the Kalash with water, just a little over half. Put 1 Beatle nut, 1 Quarter coin, 1 flower & a little akshata in the Kalash.</p>\r\n\r\n<p>Place 5 Beatle nut leaves on the edge of the silver or copper Kalash with the stems inside the kalash & the\r\nends outside the kalash. Place a Tamhan (copper or silver plate) on the Kalash.</p>\r\n<p>Fill the tamhan with rice grains till the inner rim. Draw a “Swastik” symbol with kumkum in the middle on the rice and place one Beatle nut at the center of the swastika.</p>\r\n\r\n<p>Place the Bell (Ghanta) at the front left corner of the Chaurang and place the Conch (Shankha) on the front\r\nright corner of the Chaurang. Keep some rice grains below the conch to make a proper base for it.</p>\r\n\r\n<p>Keep the Lord Ganesh Murti in front of both the Kalash at the center and keep murti or coin or photo of\r\nLakshmi to the right side of Lord Ganesh.</p>\r\n\r\n<p>Keep all other deities as per your family tradition e.g. Kuladevata on the Chaurang at a suitable place.\r\nPhotos can be also placed on the wall if needed.</p>','General','2012-11-29 12:13:37','2012-12-10 03:42:23','janmadin-puja'),(3,'Satyanarayan Puja','<p>Satyanarayana Puja, or Satyanarayan Pooja, is dedicated to Lord Vishnu, who is the preserver of the Universe in Hindu religion. Satyanarayana is a highly compassionate form of Lord Vishnu. Performing Satyanarayana puja is believed to usher in prosperity.</p>\r\n\r\n<p>The Satyanarayana Vrata is a Hindu&nbsp;religious observance. It is a ritual performed by devotees on any major occasion like marriage, house warming ceremony etc. It can also be performed on any day for any reason. It finds first mention in Skand Purana. The Satyanarayana Puja is unique in that it does not require a Brahmin to perform.It is believed the ceremony originated in Bengal as Satya Pir&nbsp;ritual performed by all communities (Hindu, Muslim and buddhists) and later in 1800s morphed into Satyanarayan puja.</p>\r\n\r\n<p>This puja can be performed any time but it most powerful when conducted on the day or evening of the full moon. It is typically performed by families to preserve and enhance family harmony and to bring success and enjoyment to all. The performance is simple and fun and all family members take part.</p>\r\n\r\n<p>Basically, Satyanarayan Pooja is saying thanks to the Lord and also asking him to sustain the achievements.</p>\r\n<p>Satyanarayana Puja begins with prayer to Lord Ganesha. Special prayers are also offered to Navagrahas. The rest of the puja is dedicated to Lord Satyanarayana which involves normal puja procedures and the chanting of the various names of Vishnu. Varieties of food are offered as ‘Prasad.’</p>\r\n<p>The puja also involves listening to the origin of Satyanarayana puja, which is read by the priest or an elderly person. It is heard by the family members and those who are partaking in the puja. The story also explains the benefits of performing the puja.</p>','<div>\r\n<ul style=\"list-style:disc\">\r\n<li>Chaurang</li>\r\n<li>Shankha - Conch </li>\r\n<li>Ghanta – Bell</li>\r\n<li> Balkrishna/Shaligram Murti (</li>\r\n<li>Ganesh & Lakshmi Murti/Coin</li>\r\n<li>Kul-Devata (Family Deity) Murti (Silver/Brass) or photo. </li>\r\n<li>Satyanarayan Photo if available </li>\r\n<li>Decorative cloth on the Chaurang</li>\r\n<li>Vastra </li>\r\n<li>Banana Leaves about 1½\'-2\' long</li>\r\n<li>Household Aluminum Foils</li>\r\n<li>Samai</li>\r\n<li>Red Yellow, Green, Rangoli Colors</li>\r\n<li>Seating Mattresses</li>\r\n<li>Match Box </li>\r\n<li>Thread/Cello Tape for tying banana leaves to the legs of Chaurang </li>\r\n<li>Scissor</li>\r\n<li>Paper Napkins</li>\r\n<li>Kalash/Loti</li>\r\n<li>Tamhan/Purnapatra </li>\r\n<li>Panchpatra/Bhande</li>\r\n<li>Ganga Jal</li>\r\n<li>Niranjan</li>\r\n<li>Silver/Stainless Steel Plates with 9”-12” </li>\r\n<li>Water Jar</li>\r\n<li>Utensil/Bowl for keeping used water.</li>\r\n<li>5 types of Fruits 5 </li>\r\n<li>Quarter Coins</li>\r\n<li>Cotton Balls</li>\r\n<li>Janve Jod/Janeu </li>\r\n<li>Red Holy Thread (Moli)</li>\r\n<li>Akshata</li>\r\n<li>Halad </li>\r\n<li>Kumkum</li>\r\n<li>Sandalwood Powder or Tablets</li>\r\n<li>Ashtagandha</li>\r\n</ul>\r\n</div>','<p>1. Light the Diya (lamp). \r\n</p><p>2. Recite \'Om\' 3 times.\r\n</p><p>3. Recite the Gayatri Mantra (3 times)Om bhur bhuvah swah Tat savitur varenyamBhargo devasya\r\ndheemahiDhiyo yo nah prachodayat (O God, Thou art the giver of life, the\r\nremover of pain and sorrow, the bestower of happiness; O Creator of the\r\nUniverse, may we receive thy supreme, sin-destroying light; may Thou guide our\r\nintellect in the right direction.\")\r\n</p><p>4.Recite Ganeshji’s PrayerSri Vakratunda\r\nMahakaayaKoti-soorya samaprabhaNirvighnam kuru me DevaSarva-karyeshu Sarvadaa\r\n(O, Lord Ganesha of the curved trunk and massive body, the one whose splendor\r\nis equal to millions of Suns, please bless me to that I do not face any\r\nobstacles in my endeavors)\r\n</p><p>5.Offer akshat (colored rice), pushpa (flowers) and\r\nkumkum (vermilion) to lord Ganesha, repeating the above shloka once more.\r\n</p><p>6. SankalpamTake a drop of water and some rice in your right hand and, if you are\r\na Hindu, say your Gotra(A term applied to a clan, a group of families, or a\r\nlineage), say your Name, your Family member\'s names and mentally speak the\r\nreason to do this Puja and pray to God, with sincerity and devotion, to fulfill\r\nthis desire.\r\n</p><p>7. Prayer to Lord Satyanarayan Meditate on the Lord and mentally\r\ninvite Him to your Puja. Pray to Lord to bless you by His Divine Presence and\r\nGrace. Offer Him pushpa (loose flowers) and akshat\r\n(colored rice) as you recite the SatyaNarayan Shloka.SatyaNarayan\r\nShloka:SatyaNarayanam DevamVandeham Kaamadam PrabhumLeelayaa Vitatam\r\nVishwamYena Tasmai Namo Namaha (Lord Sri SatyaNarayana , we pray to you to\r\nfulfill our desires. The one who protects this world by His different\r\nincarnations and His Divine play, We pray to such Lord.)\r\n</p><p>8. Repeat the\r\nSatyaNarayan Shloka again as you mentally offer the Lord a seat.\r\n</p><p>9. Offer the\r\nLord a spoon of water, and charnamrit as you recite the SatyaNarayan Shloka\r\nagain. If you don\'t have an image of Lord SatyaNarayan on which to offer water\r\nand charnamrit, you can instead use a flower to sprinkle water and charnamrit\r\non the photo of Lord.\r\n</p><p>10. Offer the Lord a piece of new cloth, either silk or\r\ncotton as you recite the SatyaNarayan Shloka. This should then be donated to\r\nsomeone present or to the poor. If you are unable to buy new cloth, you can\r\noffer akshat (colored rice) instead.\r\n</p><p>11. Offer the Lord Kumkum (vermillion) as\r\nyou recite the SatyaNarayan Shloka.\r\n</p><p>12. Offer the Lord Pushpa (loose flowers) as\r\nyou recite the SatyaNarayan Shloka.</p>','General','2012-12-03 05:03:58','2012-12-10 04:44:25','satyanarayan-puja'),(4,'Vastu Shanti','\r\n<p>Vastu means the dwelling of humans and Gods. Vastu shastra is an ancient science which helps one get the benefits freely offered by the basic elements of the universe.</p>\r\n<p>These basic elements are Akash (SKY), Prithvi (EARTH), Paani (WATER), Agni (FIRE), and Vayu (WIND).\r\n</p>\r\n<p>Vastu Shanti is a religious and spiritual process of worship of Vaastu Purush. Purush means Energy, Soul, and Shakti; thus Vaastu Purush is the protector, soul and Lord of the house. The primary objectives of Vaastu Shanti are:<br/>\r\n<div style=\"padding-left:32%;\">	To remove any land, structure, and interior arrangement faults or the Vastu Doshas.<br/>\r\n To ask for forgiveness for any direct or indirect harm to the Nature and other living beings while construction of the house <br/>\r\n To pacify any forces that may disturb the overall happiness of future occupants.<br/>\r\n To request Vastu Purush to protect the home and the occupants from natural calamities <br/>\r\n To solicit His blessings to bring health, wealth and prosperity to the occupants and <br/>\r\n To resolve proper use of the house and to convert it into Home and Praasad.</div>\r\n\r\n</p>\r\n<p>We perform Vaastu Shanti (worship of deity and lord of nature and their elements and natural forces as well as lord and deity of directions and environment) to remove any type of Vaastu dosha whether it’s a land and building, nature or environment, by Vaastu shastra worship to avoid major changes and demolition in the structure of building.\r\n</p>','<div>\r\n<ul style=\"list-style:disc\">\r\n<li>Chandan powder / paste</li>\r\n<li>Flowers 1 bunch</li>\r\n<li>Agarbatti</li>\r\n<li>Kapoor</li>\r\n<li>Jaggery</li>\r\n<li>Plate for keeping rice</li>\r\n<li>Rice bag 10 lbs (color it with turmeric powder or kumkum and add few</li>\r\n<li>drops of water and mix well) &ndash; also known as akshata</li>\r\n<li>Corn, separate seeds and stalks.</li>\r\n<li>Dhoop</li>\r\n<li>Deep (niranjan)</li>\r\n<li>Sweet dish to offer (like kheer/halwa)</li>\r\n<li>Kum kum</li>\r\n<li>Red blouse pieces 2. (2 feet by 2 feet)</li>\r\n<li>White blouse pieces 2 (2 feet by 2 feet)</li>\r\n<li>Kalash or lota (big sized which can hold the coconut and leaves)</li>\r\n<li>Manago or bettle leaves</li>\r\n<li>New vessel</li>\r\n<li>Milk</li>\r\n<li>Ganpathi idol or idol of your favorite deity (if you are sri vaishnava then&nbsp;you need picture of narayana / vishnu)</li>\r\n<li>Real Cow or Cow idol or picture (optional)</li>\r\n<li>Few spoons (metal preferred to light camphor)</li>\r\n<li>Few plates</li>\r\n<li>Tumeric powder</li>\r\n<li>Ghee /oil for lamp</li>\r\n<li>2 puja Coconuts (with coir on top ) + 1 for every door</li>\r\n<li>Cow Dung and cow urine</li>\r\n<li>Curd</li>\r\n<li>Red sewing thread.</li>\r\n<li>Lemos 4 for every door.</li>\r\n<li>Aluminium foil role</li>\r\n</ul>\r\n</div>','<p>Sankalp Siddhi,<br/>Punya vachanam,<br/>Dwar\r\nanesh puja,<br/>\r\noombartha pujan,<br/> \r\nkalash poojan,<br/>\r\nvastu pradakshana,<br/>\r\ngraha pravesh,<br/>\r\nkula devata pujan,<br/>\r\ngram devata pooja,<br/> \r\n81 devata poojan (ishtadev),<br/>\r\nNav graha poojan,<br/>\r\n27 nakshatra pujan,<br/> \r\nDhwaj pujan, etc...<br/>\r\nVastu Devata pujan,<br/>\r\n Shikhyadi Pujan,<br/>\r\n Shodash matruka pujan,<br/> \r\n Ghruti matruka pujan,<br/> \r\n Yadnya,<br/>\r\n Vastu Nikshepana etc.','House Warming','2012-12-04 09:57:12','2012-12-10 04:56:39','vastu-shanti'),(5,'Ganesh Pratishthapana','<p>Ganesh Chaturthi or Vinayak Chathurthi is one of the most colorful and widely celebrated festivals of India.</p> \r\n<p>Ganesh Chaturthi is celebrated as birth anniversary of Lord Ganesh. On Ganesh Chaturthi, Lord Ganesh is worshipped as the god of wisdom, prosperity and good fortune. It is believed that Lord Ganesh was born during Shukla Paksha of Bhadrapada month.</p>\r\n<p>As it is widely celebrated, on this day large numbers of people brings Ganesha Murti to their houses and do Murti Sthapana. </p>\r\n<p>Ganesha is also one of the five Gods the worship of whom was popularized by Adi Shankaracharya; the other four being Vishnu, Shiva, Shakti and Surya. The worship of these five deities is called the Panchaayatana Puja.</p>\r\n<p>The Ganeshotsav, the festivity of Ganesh Chaturthi, ends after 10 days on Anant Chaturdashi which is also known as Ganesh Visarjan day. On Anant Chaturdashi, devotees immerse idol of Lord Ganesh in water body after a gala street procession. </p>\r\n<p>We provide you a complete procedure, how to perform Ganesha Puja at home according to Hindu Scriptures.</p>\r\n','<div>\r\n<ul style=\"list-style:disc\">\r\n<li>Paan (Bettle Leave),</li>\r\n<li>Supari (Bettle Nut),</li>\r\n<li>Kumkum (Vermillion),</li>\r\n<li>Chaval (Rice),</li> \r\n<li>Moli (Red n Yellow Thread),</li>\r\n<li>Gur, </li>\r\n<li>Agarbatti (Incence Stick),</li>\r\n<li>Nariyal (Coconut),</li> \r\n<li>Flowers,</li>\r\n<li>Dhruv leave,</li>\r\n<li>Dipak, </li>\r\n<li>Ghee,</li>\r\n<li>Bhog ke liye preferably Laddo and Modak and Panchamrit (milk,curd,honey,ghee,rose water).</li>\r\n</ul>\r\n</div>','<p>A Chaurang is to be used as Pooja Dais for Pooja. \r\n</p><p>Place the chaurang against a wall in such way that the deities on the chaurang are facing east (if not west \r\nis also OK).  Place a nice decorative cloth on it. \r\n</p><p>Keep all the Pooja samagri in different plates on the right side of the chaurang. \r\n</p><p> Prepare a bowl full of Panchamrut by adding 2-3 tea spoon curd, 1 spoon honey, 1-2 spoons pure ghee & 1 spoon sugar to about \r\n1 cup milk.  If required prepare more panchamrut enough for all the guests invited for the Pooja. \r\n</p><p>Keep 2 flowerpots at the 2 back corners of the Chaurang with some decorative flowers of different types in \r\nthem.  If possible and if you like, create a nice decoration for Shri Ganesh.  If possible involve kids and help \r\nthem using their creativity. \r\n</p><p>Keep small earthen Ganesh Murti at the center of the Dais, to its right side keep the regular metal Ganesh \r\nMurti which you use in your daily Pooja.  Keep murti or coin of Goddess Lakshmi to the right of metal \r\nGanesh Murti.  \r\n</p><p>Place the Bell (Ghanta) at the front left corner of the Chaurang and place the Conch (Shankha) on the front \r\nright corner of the Chaurang with its tail facing you.  \r\n</p><p>Keep some rice grains below the conch to make a proper base for it. \r\n</p><p>Keep the Lord Ganesh Murti in front of the Kalash at the center and keep murti or coin or photo of Lakshmi \r\nto the right side of Lord ganesh. \r\n</p><p>Keep all other deities as per your family tradition e.g. Kuladevata on the Chaurang at a suitable place.  \r\nPhotos can be also placed on the wall if needed.\r\n</p><p>Keep one oil lamp (Samai) and one Ghee Lamp (Niranjan) on the right hand side of the Chaurang on the \r\nfoil.  Use a small plate below Samai or niranjan so that the oil or ghee will not spill outside. \r\n</p><p>Keep the incense stick (Agarbatti) in a proper holder next to the ghee lamp on the right side of Chaurang.\r\n</p><p>Keep 5 coconuts with water in front of the Chaurang on the aluminum foil.  Keep one Beatle Leaf in front of \r\neach coconut.  Keep one rupee note/coin on each leaf, keep one quarter coin on each dollar note, keep \r\none Beatle Nut on each coin. \r\n</p><p>Keep one peace of dry coconut on each Beatle Leaf and keep a small piece\r\nof “Deshi Gud” i.e. Jaggery on each piece of dry coconut. \r\n</p><p> Keep small quantity of 5 types of dry fruits like \r\ncashes nuts, almonds, resins, pistachio, dry dates etc…\r\n</p><p>Keep one Jug full of water near the Chaurang.  Keep a big utensil or big bowl to keep the used water.\r\n</p><p>Keep two mattresses one each for the husband and wife performing Pooja in front of the Chaurang about 2 \r\nfeet away from the Chaurang. \r\n</p><p> Husband will seat facing the Chaurang and the wife will seat on the right \r\nside of the husband.  \r\n</p><p>The Chaurang should be in the center for both to perform Pooja comfortably.   \r\nKeep one mattress on the left side of the Chaurang for Panditji who will be facing the couple performing the \r\nPooja.  \r\n</p><p>If the host is facing East Panditji should be facing West and if host is facing West Panditji should be \r\nfacing East. \r\n</p><p>Keep all other Pooja material on the right side of the Chaurang duly arranged in different plates as per the \r\nsamagri list without fail. </p>','Festival','2012-12-05 09:08:29','2012-12-11 05:20:24','ganesh-pratishthapana'),(6,'Lakshmi Puja','<p>According to Hindu Mythology, Goddess Laxmi symbolizes wealth, fortune, power, luxury, beauty, fertility, and auspiciousness. Laxmi Puja is the occasion on which Hindu people use to worship Goddess Laxmi for the better wealth.</p>\r\n<p>One of the main festival in hindu is Diwali, the Goddess of prosperity and wealth. It is believed that Goddess Laxmi visit everyone during Diwali and brings peace and prosperity to all. On the night of Diwali \"Lakshmi-Pujan\" is performed in the evenings. A traditional Pujan is performed after sunset in all the homes.\r\n</p>\r\n<p>Laxmi Puja is mainly done on Diwali. Diwali is the chief event of north and western states of India but it is celebrated all over India.\r\n</p><p>As it is celebrated on the dark night of Amavasya, there is a belief that on this day Laxmi walks through the green fields and loiters through the bye-lanes and showers her blessings on man for plenty and prosperity.</p>\r\n<p>Lakshmi Puja consists of a combined puja of five deities: Ganesha is worshiped at the beginning of every auspicious act as Vighnaharta; Goddess Lakshmi is worshiped in her three forms - Mahalakshmi (the goddess of wealth and money), Mahasaraswati (the goddess of books and learning), and Mahakali; Kuber (the treasurer of the gods) is also worshiped.\r\n</p>','<div>\r\n<ul style=\"list-style:disc\">\r\n<li>Kumkum Powder</li>\r\n<li>Turmeric Haldi</li>\r\n<li>Chandan Powder</li>\r\n<li>Agarbatti /Dhoopsticks</li>\r\n<li>Flowers</li>\r\n<li>Bell</li>\r\n<li>Camphor Dhoop patra</li>\r\n<li>Oil lamp </li>\r\n<li>Kalash</li>\r\n<li>Ghee Lamp</li>\r\n<li>Panchpatra Achman</li>\r\n<li>Puja Plate</li>\r\n<li>Camphor 1 pkt</li>\r\n<li>Peetham (optional)</li>\r\n<li>Raw Rice</li>\r\n<li>Milk 1 cup</li>\r\n<li>Curd 1 cup</li>\r\n<li>Ghee 1 cup</li>\r\n<li>Honey 2 spoon</li>\r\n<li>Sugar 1 cup</li>\r\n<li>Paper roll</li>\r\n<li>Ganesha Idol</li>\r\n<li>Mahalakshmi Idol or picture</li>\r\n<li>Lakshmi coins</li>\r\n<li>5 Dollar quarters</li>\r\n<li>Few spoons</li>\r\n<li>Few paper plates</li>\r\n<li>Cotton wicks to light lamp</li>\r\n<li>Betel nuts 1 paket</li>\r\n<li>Betel leaves(5)</li>\r\n<li>Red or white cloth (towel or blouse piece)</li>\r\n<li>Home cooked prasadam</li>\r\n<li>sweets</li>\r\n<li>Banana 1 dozen</li>\r\n</ul>\r\n</div>','<p> Face East.</p>\r\n<p> Place peetham in front of you, and spread red cloth or unused small towel on top\r\n</p><p> Place Goddess Lakshmi’s picture on top of the red cloth.\r\n</p><p>Put oil lamps on both side\r\n</p><p> Put Aggarbatti on the right hand side of the picture\r\n</p><p> Prepare a plate with kumkum, chandan, turmeric power, coins, betel nuts, and leaves.\r\n</p><p> Place banana on side\r\n</p><p> Place Prasad on side\r\n</p><p> Take 1 cup of raw rice, mix couple of pinches of turmeric powder, mix it really well and sprinkle \r\ncouple of water drops and mix it again this is called akshata.\r\n</p><p> Place flowers on your right hand side and put akshata (prepared above) in the same plate\r\n</p><p> Keep water filled kalasha ready to your left\r\n</p><p> Place panchapatram or a cup filled with water and spoon in your front\r\n</p><p> Place paper napkins on side\r\n</p><p> Keep ganesha idol, lakshmi idol, lakshmi coins right in front of the picture\r\n</p><p> Your wife will sit on your right for the puja\r\n</p><p> Take bath and wear new clothes and do namaskar to your parents, guru or their picture and start \r\npuja.\r\n</p><p> The puja described here is very simple, if you know additional mantras or wants to play CD or tape \r\nlater on, please feel free to do that.','Festival','2012-12-10 03:58:16','2012-12-10 03:58:16','lakshmi-puja'),(7,'Kalsarpa Yoga Puja','<p>Kalsarpa Yoga Puja is a one day ritual mainly performed when all the seven planets come between Rahu and Ketu then KaalSarp Yog formed. KaalSarpa Yog is formed if any person’s horoscope is like king, rich, president, prime-minister, peon, poor etc and those who’s horoscope found under this, they always suffer from tension , fear and insecure.</p>\r\n<p>The Kalsarp Yog occurs when all planets in an individual\'s horoscope at the time of birth are situated between Rahu and Ketu . Even if one planet is outside the Rahu-Ketu axis no Kalsarp Yog.</p>\r\n<p>The persons karyas do not happen according to the efforts put in, often leading to negativity, and inferiority complex. It can cause one\'s life to be depressed.</p>\r\n<p>A person under the affliction of this yog leads a life of pain and misfortune. If it is highly afflicted this yog has the capacity to cancel out all the good Yog of one\'s chart.</p>\r\n<p><br/>\r\n<b>Types of kalsarp yog:</b><br/>\r\nAnant Kalsarp Yog<br/>\r\nKulik Kalsarp Yog<br/>\r\nVasuki Kalsarp Yog<br/>\r\nShankpal Kalsarp Yog<br/>\r\nPadam Kalsarp Yog<br/>\r\nMahapadam Kalsarp Yog<br/>\r\nTakshak Kalsarp Yog<br/>\r\nKarkotak Kalsarp Yog<br/>\r\nShankachood Kalsarp Yog<br/>\r\nGhatak Kalsarp Yog<br/>\r\nVishdhar Kalsarp Yog<br/>\r\nSheshnag Kalsarp Yog\r\n</p>','<div>\r\n<ul style=\"list-style:disc\">\r\n<li>coconuts with husk-2,</li>\r\n<li>bananas-10,</li>\r\n<li>seasonal fruit-5 types,</li>\r\n<li>betel leaves-10,</li>\r\n<li>betel gms, </li>\r\n<li>matches-1 box,</li> \r\n<li>incense sticks- 1 pkt,</li> \r\n<li>havan samagri-1 pkt,</li> \r\n<li>Sesame seedsblack-100 gms,</li> \r\n<li>Fresh Dates-1 pkt,</li> \r\n<li>Coins-5,</li> \r\n<li>wood for fire-unused,</li> \r\n<li>unblemished twigs-1 box,</li> \r\n<li>mango leaves-unblemished 10,</li> \r\n<li>trays</li>\r\n</ul>\r\n</div>','<p>Kalsarpa vidhi is performed in 1 day.</p>\r\n<p>Devotees involved in pooja should wear new and fresh colured clothes.</p>\r\n<p>Devotees should reach Trimbakeshwar till 6 pm one day before the vidhi.</p>\r\n<p>Devotees can stay at Swati Thite\'s palce.(the palce where and by whom the vidhi is performed).</p>','General','2012-12-10 04:01:47','2012-12-10 04:01:47','kalsarpa-yoga-puja'),(8,'Mundan Puja ','<p>Mundan is the very first ceremony for kid and an important celebration for the Hindu communities. It is considered as purification ceremony.</p>\r\n<p>Among Hindus, the third most important occasion after the birth of the child is Chadakarana or Mundan. The first and second most significant ceremony includes Namakarana and Annaprasana.</p>\r\n<p>Mundan ceremony can be performed in the 1st year or 3rd year or 5th year of the child. But, it is usually carried before completion of the 3 years of the baby’s age.</p>\r\n<p>Proper Mundan or Chadakarana ceremony generally involves 3 major rituals which can take more than an hour’s time. The parents of the child have to worship Ganesh or God Ganapati and a barber shaves the head of the child. </p>\r\n<p>Havan is another key ritual with includes devotional prayers.</p>\r\n<p>Some believe that a mundan bestows a durability, a better upcoming and also helps to protect the kid from the wicked eye. In some areas, the hair on a newborn baby head is regarded as impure and Mundan Vidhi is the solution for making kid pure.</p>','<div>\r\n<ul style=\"list-style:disc\">\r\n<li>Turmeric & Kum Kum -1 cup each</li>\r\n<li>Copper kalash -1 no.(not required if puja is in Temple)</li>\r\n<li>Betel Nut (supari) -5 nos.</li>\r\n<li>Betel Leaf -5 nos.</li>\r\n<li>Blouse piece -red / yellow</li>\r\n<li>Incense Stick (agarbatti) -1 pkt</li>\r\n<li>Coins -for $1.25</li>\r\n<li>Banana -6 nos.</li>\r\n<li>Kusha (Darba/Suksruva) (Pujariji will bring this)</li>\r\n<li>Coconut -1 no.</li>\r\n<li>Rice -just enough to fill 1 plate</li>\r\n<li>Dhaga (colored thread)</li>\r\n<li>Scissors -1 new</li>\r\n</ul>\r\n</div>','<p>A havan is performed by a Panditji. </p>\r\n<p>On this ceremony people who came in ceremony bring cloths for the child as gift.</p>\r\n<p> After ending pooja prashad is distributed to all the members. </p>\r\n<p>The mother sits with the kid in her lap and face the holy fireplace.</p>\r\n<p>Pandit removes the part of hairs from the child head by chanting mantras.</p> \r\n<p>After that barber shaves off the rest of the hair. </p>\r\n<p>Then head is washed with gangajal. </p>\r\n<p>The shaved off hair is offered to River.</p>','General','2012-12-10 04:03:53','2012-12-10 04:03:53','mundan-puja'),(9,'Navgrah Puja','<p>Navgrah Puja is combined Puja for all the nine planets. Navgrah Puja is very beneficial Puja, as its worship strengthens planets and increases their positive impacts pacifies malefic planets & neutralizes their negative effect.</p><p> Navgrah Puja is particularly recommended to those whose planets are detrimental or malefic as per horoscope. Navgrah Puja is recommended to all, shall be performed every year to ensure that you always get maximum advantage from your planets.\r\n</p>\r\n<p>The Navagraha are the chief deities of this powerful Pooja. The 9 chief planets are the sole reason for the happiness and adversities that take place in your life.</p>\r\n<p>The 9 planets are:<br/>\r\n<b>Surya (Sun) :</b>\r\nSurya or Sun is the most powerful living God - whom everyone can see, perceive and pray. Presiding deity of this planet is God Siva.  Sun bestows good health and prosperity.<br/></b>\r\n\r\n<b>Chandra (Moon) :</b>\r\nMoon is the planet, which rules over mind and gives success. Chandra or Moon is a lovable God - Pleasing to the children as well as elders, universally appealing to everyone whatever may be the religion. Goddess Parvathi rules the planet. \r\nMoon is considered as very important planet for astrological predictions. The Moon, at the time of birth is found in a particular star and it will be taken as the star of the person born.<br/><br/> \r\n\r\n<b>Kuja (Mars) :</b>\r\nMars is the planet, which gives prosperity and wealth.  Angaraka or Mars is regarded as a God of martial character, red in every aspect. Even the Romans held him as their Guru. He is the Son of Earth and is ruled by Lord Subramanya.<br/><br/>\r\n\r\n<b>Bhudha (Mercury) :</b>\r\nMercury is the planet which gives knowledge. Bhudha or Mercury is considered as the greatest among the wise. This Devata bestows wisdom and wealth on his devotees. He is ruled by Lord Maha Vishnu.<br/><br/>\r\n\r\n<b>Guru (Jupiter) :</b>\r\nJupiter gives education and knowledge. Brihaspati is the Guru (Jupiter). He results in a cure from ailments and helps one cleanse his/her negative emotions and gives strength, valour, longevity, etc. He grants the boon of fatherhood to the childless, good education (Vidya). He is ruled by Lord Dakshinamurthy. <br/><br/>\r\n\r\n<b>Sukra (Venus) :</b>\r\nVenus gives the knowledge of art, music etc. Sukra or Venus is the bestower of long life, wealth, happiness, children, property and good education. He is ruled by Goddess Mahalakshmi.<br/> <br/>  \r\n\r\n<b>Sani (Saturn) :</b>\r\nSaturn gives happiness. Saniswara or Saturn, is generally known to affect one adversely on occasions when he occupies certain positions in one\'s horoscope. A prayer to him, especially on Saturdays, is said to mitigate the hardships one will have to face during these periods. Saniswara is considered equally a bestower of all benefits to the devotees who pray sincerely to him. He is ruled by Lord Yama.<br/><br/>\r\n\r\n<b>Rahu (Ascending node of the Moon) :</b>\r\nRahu makes the life stronger. Rahu is instrumental in strengthening ones power and converting even any enemy into a friend.<br/><br/>\r\n\r\n<b>Ketu (Descending node of the Moon):</b> Kettu brings prosperity to the devotee\'s family removes the effect of bad, illness arising out of poisonous matter entering one\'s body. He grants good health, wealth and all round prosperity. <br/><br/>\r\n\r\nIndian Astrology associates the following planets with the gods/goddesses as follows:<br/>\r\nSun: Lord Siva<br/> <br/>\r\nMoon: Goddess Parvathi <br/>\r\nMars: Lord Karthikeya (Subramanya)\r\n<br/> Mercury: MahaVishnu <br/>\r\nJupiter: Lord Dakshinamurthi<br/> \r\nVenus: Mahalakshmi<br/> \r\nSaturn: Lord Yama<br/> \r\nRahu: Goddess Durga <br/>\r\nKethu: Lord Ganesa or Indra.\r\n\r\n</p>','<div>\r\n<ul style=\"list-style:disc\">\r\n<li>Turmeric powder</li>\r\n<li>Kumkum</li>\r\n<li>Sandalwood powder/tablets/paste</li>\r\n<li>Agarbathi</li>\r\n<li>Camphor</li>\r\n<li>betel leaves and nuts</li>\r\n<li>Flowers</li>\r\n<li>Banana</li>\r\n<li>5 Variety of fruits</li>\r\n<li>Coconuts</li>\r\n<li>Rice</li>\r\n<li>Kalasa Vasthram 9 x 5 dhoti or 4 yards cloth, red or green</li>\r\n<li>Ghee</li>\r\n<li>Coins (Quarters)</li>\r\n<li>Dates</li>\r\n<li>Cashews</li>\r\n<li>Raisins</li>\r\n<li>Elaichi</li>\r\n<li>Cloves</li>\r\n<li>Sugar Candy</li>\r\n<li>Pachha kalpooram (green camphor or edible camphor)</li>\r\n<li>Naivedya (Prasada) Rava Kesari(Kesari Bath) or Jagerry Pongal or Payasa(Kheer)</li>\r\n<li>Aluminium baking trays</li>\r\n<li>Fire wood chips</li>\r\n<li>Fire starter log dura flame (Small packet)</li>\r\n<li>Lamps (Dheepam)</li>\r\n<li>Oil</li>\r\n<li>Match box</li>\r\n<li>Cotton wick (small packet)</li>\r\n<li>Khalsa (kalasamor kumbha) silver, copper or brass</li>\r\n<li>Paper towels</li>\r\n<li>Paper plates</li>\r\n<li>Kattori (stainless steel cups or silver cups or paper cups)</li>\r\n<li>Plates or trays</li>\r\n<li>Steel tumbler</li>\r\n<li>Navadhayanas (9 grains)</li>\r\n</ul>\r\n</div>','<a href=\"\">Please fill up the form to know about Navgrah Puja Vidhi</a>','Special Puja','2012-12-10 04:06:05','2012-12-10 04:10:47','navgrah-puja'),(11,'Pind Dan Puja','<p>Gaya is known for the spirituality and it is famous because people the Homage to their passed on Ancestors. This is a place where the last ceremony of a human being is done. Gaya is known for the Pind-Daan and Ramshila is one of the palce for Pind-Daan. Pind daan is known to be the way of Mukti. Mukti means Free from the Circle of Life and death.According to Ramayana the Last Funeral of King Dashratha was awaited as it can be performed only by his son Lord Rama and he was in Jungle. After Rama returned from the Jungle after 14 years he performed the last rituals o0f Dashratha with his wife Seeta. This is one of the places where they paid the homage.</p><p>\r\nHindu religious ritual, many Hindus performed Pind Daan or Shradh at Gaya. Hindus observe the ancestral ritual of Pind Daan or Shradh,which they believe would help their dead ancestors attain salvation and to ward off restless spirits affecting their family members.Though the pind-daan can be performed almost any time of the year, people prefer to do it during Pitrapaksha, which is the period just before Navratri and generally falls in September. Shraadh is to the ritual performed by a Hindu to offer homage to one\'s deceased ancestors (Pitri). It is believed that after the performance of the ritual, the soul of the dead relative is appeased and it attains Moksha (salvation).\r\n</p><p>\r\nWe will be performing this Puja with complete Pind Daan procedure as per as Hindu rituals and beliefs.\r\n</p>\r\n<p>\r\nGaya is known for the spirituality and it is famous because people the Homage to their passed on Ancestors. This is a place where the last ceremony of a human being is done.</p>\r\n<p>Gaya is known for the Pind-Daan and Ramshila is one of the palce for Pind-Daan. Pind daan is known to be the way of Mukti.</p>\r\n<p>Mukti means Free from the Circle of Life and death.According to Ramayana the Last Funeral of King Dashratha was awaited as it can be performed only by his son Lord Rama and he was in Jungle.</p>\r\n<p>After Rama returned from the Jungle after 14 years he performed the last rituals o0f Dashratha with his wife Seeta. This is one of the places where they paid the homage.\r\n</p>\r\n\r\n\r\n\r\n\r\n\r\n\r\n','<a href=\"\">Please fill up the form to know Samagri for Pind Dan Puja </a>','<a href=\"\">Please fill up the form to know Process for Pind Dan Puja </a>','Special Puja','2012-12-10 04:12:04','2012-12-10 04:12:04','pind-dan-puja'),(12,'Pitra Shanti Puja','<p>Pitra Dosh occurs when the soul of our ancestors and departed forefathers does not get peace (shanti) due to any of the following main reason, and there may be others.</p>\r\n<p>Bad deeds ( bad karma ) of our ancestors in earlier life, knowingly or unknowingly, are embarrassing their souls,<br/>\r\nBad deeds ( bad karma ) of children, knowingly or unknowingly, are embarrassing the soul of ancestors,<br/>\r\nLack of fulfillments of parental desires of our ancestors,<br/>\r\nA sudden and unnatural death of any relative ancestors in early age, this can be explained in the following ways. Drugging, death in unknown places and the body not available for cremation, one or the other reason antim sanskar can not be performed due to unknown circumstances.<br/>\r\nIf someone fails to remember and honour the ancestors properly, according to Vedic Method.<br/>\r\nIf certain wishes are remained attached with the soul of the ancestors, etc.</p>\r\n<p>It is stated in the ancient text that Pitra Dosh occurs if any ancestors up to the 7th generation on the father\'s side and up to the 4th generation on the mother\'s side have expired at an early age or have had an unnatural death.</p>\r\n\r\n<p>There are so many methods for Pitra Shanti according to mythology and also by Bramahans such as:- \r\n<br/>NARAYAN BALI POOJAN.\r\n<br/>PITRA GAYTRI JAAP. \r\n<br/>PIND DAN AT BODH GAYA.</p>','<a href=\"\">Please fill up the form to know Samagri for Pitra Shanti Puja </a>','<p>This yoga is formed when Rahu and Ketu are with any of the Luminaries and are placed in the 6th, 8th and the 12th house. Many a times, this yoga is also formed in the 5th house and if other planets do not show any beneficial aspects, this yoga does not allow a person to progress at all.</p>\r\n\r\n<p>To pacify your ancenstors you have to get the Pitra Shanti Puja done so, that they can attain moksha.There is a belief that this Puja will save you from face problems of the evil eye and if on a higher degree this dosha will somehow stop your family from having male childs.\r\nThis Vidhi is very simple which can be done by the complete tantric procedure at our place or you can get done at your place also.</p>','Special Puja','2012-12-10 04:14:01','2012-12-10 04:14:01','pitra-shanti-puja'),(13,'Shani Puja','<p>Shani Puja is done to appease planet Saturn. Grah Shanti Shani Pooja (Worship of Saturn) is sought for mental peace and to get rid of various diseases. Following things are associated with Shani (Saturn).</p>\r\n\r\n<p>In Vedic astrology, the planet Saturn is called Shanaishwara. Saturn is regarded as an emaciated God with long physique, big teeth and tawny eyes. Shani is indolent and lame. The temperament or nature of Shani is airy. Saturn is considered to be a malefic graha. It is believed that Shani can make a person, a king or a beggar according to the native\'s deeds (karmas).</p>\r\n\r\n<p>Shani Pooja - Worship Of Saturn<br/>\r\nShani Puja or worship of Saturn mitigates the hardships one will have to face during bad times. Shani Puja is also recommended to people who have Saade Sati of Shani in their horoscope. One is advised to recite the following Shani Mantra facing the west, to minimize the evil influence of afflicted Saturn.</p>\r\n','<div>\r\n<ul style=\"list-style:disc\">\r\n<li>Rice, black ‘til’ and black string.</li>\r\n<li>Flowers and leaves, especially black flowers.</li>\r\n<li>Incense sticks.</li>\r\n<li> Lamps.</li>\r\n<li>Mustard oil.</li>\r\n<li>Sweets offerings.</li>\r\n<li>Summer fruits.</li>\r\n<li>The leaves of ‘rui’ tree.</li>\r\n<li>Camphor.</li>\r\n<li>God Shani’s photo or ‘yanta’</li>\r\n<li>Packets made from oil.</li>\r\n<li>Black ‘urud.’</li>\r\n<li>Clove.</li>\r\n<li>Elaichi.</li>\r\n<li>Pan and supari.</li>\r\n<li>Ganga water or holy water.</li>\r\n<li>Coconut, horse-shoe of iron .</li>\r\n</ul>\r\n</div>','<p>Aasanam Samarpayanami	:Take the posture (aasana)</p>\r\n<p>Padya Samarpayanami :Offer water to the feet of God Shani.</p>\r\n<p>Ardhya Samarpayanami	:Pour water.</p>\r\n<p>Aachamaniya Samarpayanami :Drink the water.</p>\r\n<p>Snanam Samarpayanami :Offer water for the bath of God.</p>\r\n<p>Vasram Samarpayanami	:Offer black cloth.</p>\r\n<p>Gandham Samarpayanami	:Offer the items of camphor, incense etc.</p>\r\n<p>Pushpamalam Samarpayanami	:Offer the flower garland.</p>\r\n<p>Dhupam Samarpayanami :Light the incense sticks.</p>\r\n<p>Deepam Samarpayanami	:Light the lamp.</p>\r\n<p>Akshatam Samarpayanami	:Offer the rice.</p>\r\n<p>Naivedyam Samarpayanami	:Offer the black ‘til’.</p>\r\n<p>Dakshinam Samarpayanami	:Offer the ‘dakshina.</p>\r\n<p>Namaskaram Karomi	:Do ‘namaskara’.</p>','General','2012-12-10 04:15:38','2012-12-10 04:15:38','shani-puja'),(14,'Lagna Samarambha(Marriage)','Lagna Samarambha(Marriage)','shriphal','','Special Puja','2012-12-18 04:19:38','2012-12-18 04:19:38','lagna-samarambha-marriage');
/*!40000 ALTER TABLE `pujas` ENABLE KEYS */;
UNLOCK TABLES;

--
-- Table structure for table `schema_migrations`
--

DROP TABLE IF EXISTS `schema_migrations`;
/*!40101 SET @saved_cs_client     = @@character_set_client */;
/*!40101 SET character_set_client = utf8 */;
CREATE TABLE `schema_migrations` (
  `version` varchar(255) COLLATE utf8_unicode_ci NOT NULL,
  UNIQUE KEY `unique_schema_migrations` (`version`)
) ENGINE=InnoDB DEFAULT CHARSET=utf8 COLLATE=utf8_unicode_ci;
/*!40101 SET character_set_client = @saved_cs_client */;

--
-- Dumping data for table `schema_migrations`
--

LOCK TABLES `schema_migrations` WRITE;
/*!40000 ALTER TABLE `schema_migrations` DISABLE KEYS */;
INSERT INTO `schema_migrations` VALUES ('2'),('20120718082101'),('20121016110134'),('20121018100956'),('20121029131455'),('20121128135612'),('20121129085835'),('20121129141339'),('20121129141756'),('20121129141810'),('20121129142001'),('20121129142733'),('20121129162907'),('20121202083733'),('20121203144722'),('20121207143803'),('20140116134427'),('20140116134457'),('20140116134458'),('20140116134459'),('20140116134460');
/*!40000 ALTER TABLE `schema_migrations` ENABLE KEYS */;
UNLOCK TABLES;

--
-- Table structure for table `subscriptions`
--

DROP TABLE IF EXISTS `subscriptions`;
/*!40101 SET @saved_cs_client     = @@character_set_client */;
/*!40101 SET character_set_client = utf8 */;
CREATE TABLE `subscriptions` (
  `id` int(11) NOT NULL AUTO_INCREMENT,
  `plan_id` int(11) DEFAULT NULL,
  `user_id` int(11) DEFAULT NULL,
  `start_date` date DEFAULT NULL,
  `status` varchar(255) COLLATE utf8_unicode_ci DEFAULT NULL,
  `repeat_plan` int(11) DEFAULT NULL,
  `created_at` datetime NOT NULL,
  `updated_at` datetime NOT NULL,
  PRIMARY KEY (`id`)
) ENGINE=InnoDB AUTO_INCREMENT=4 DEFAULT CHARSET=utf8 COLLATE=utf8_unicode_ci;
/*!40101 SET character_set_client = @saved_cs_client */;

--
-- Dumping data for table `subscriptions`
--

LOCK TABLES `subscriptions` WRITE;
/*!40000 ALTER TABLE `subscriptions` DISABLE KEYS */;
INSERT INTO `subscriptions` VALUES (1,3,8,NULL,'active',NULL,'2012-11-30 12:08:33','2012-11-30 12:08:33'),(2,1,18,NULL,'active',NULL,'2012-12-11 02:35:27','2012-12-11 02:35:27'),(3,3,79,NULL,'active',NULL,'2012-12-22 01:23:18','2012-12-22 01:23:18');
/*!40000 ALTER TABLE `subscriptions` ENABLE KEYS */;
UNLOCK TABLES;

--
-- Table structure for table `user_tokens`
--

DROP TABLE IF EXISTS `user_tokens`;
/*!40101 SET @saved_cs_client     = @@character_set_client */;
/*!40101 SET character_set_client = utf8 */;
CREATE TABLE `user_tokens` (
  `id` int(11) NOT NULL AUTO_INCREMENT,
  `user_id` int(11) DEFAULT NULL,
  `provider` varchar(255) COLLATE utf8_unicode_ci DEFAULT NULL,
  `uid` varchar(255) COLLATE utf8_unicode_ci DEFAULT NULL,
  `token` varchar(255) COLLATE utf8_unicode_ci DEFAULT NULL,
  `token_secret` varchar(255) COLLATE utf8_unicode_ci DEFAULT NULL,
  `approved` tinyint(1) DEFAULT NULL,
  `created_at` datetime NOT NULL,
  `updated_at` datetime NOT NULL,
  PRIMARY KEY (`id`)
) ENGINE=InnoDB AUTO_INCREMENT=5 DEFAULT CHARSET=utf8 COLLATE=utf8_unicode_ci;
/*!40101 SET character_set_client = @saved_cs_client */;

--
-- Dumping data for table `user_tokens`
--

LOCK TABLES `user_tokens` WRITE;
/*!40000 ALTER TABLE `user_tokens` DISABLE KEYS */;
INSERT INTO `user_tokens` VALUES (1,60,'facebook','100000471673644','AAAHk0Sta0JsBABuf8uR7WRArHVc3TrY6bZCo1S9yNFn3wKiQDxRPeXriyyjE6Ile8RPWHOfnkZBBlROdg3ZBfNzlIrq1c1ZBpquLcevMBQZDZD',NULL,NULL,'2012-12-24 05:15:45','2012-12-24 05:15:45'),(2,86,'twitter','27841759','27841759-M3iPbWIodqDYIguUSXMSn0kiDzcIdYOhxKr9j098E',NULL,NULL,'2012-12-24 05:16:23','2012-12-24 05:16:23'),(3,60,'google_oauth2','113080137002950665873','ya29.AHES6ZT5bKk4gssO9iAjAOiD_3802UbKSIHkgvtkbgL35GQKw6aQnQ',NULL,NULL,'2012-12-24 05:16:55','2012-12-24 05:16:55'),(4,1,'facebook','100000492790790','AAAHk0Sta0JsBAKt8Qe9AchaVpLWIQdd7HVXuHoxt6PMdaBfcuwiZCVInRuvWbPOBVSabmSqhmW5DIOa0vKRBw9k11FlC59WAxgeZCNUQZDZD',NULL,NULL,'2012-12-24 05:34:20','2012-12-24 05:34:20');
/*!40000 ALTER TABLE `user_tokens` ENABLE KEYS */;
UNLOCK TABLES;

--
-- Table structure for table `users`
--

DROP TABLE IF EXISTS `users`;
/*!40101 SET @saved_cs_client     = @@character_set_client */;
/*!40101 SET character_set_client = utf8 */;
CREATE TABLE `users` (
  `id` int(11) NOT NULL AUTO_INCREMENT,
  `email` varchar(255) COLLATE utf8_unicode_ci NOT NULL DEFAULT '',
  `encrypted_password` varchar(255) COLLATE utf8_unicode_ci NOT NULL DEFAULT '',
  `reset_password_token` varchar(255) COLLATE utf8_unicode_ci DEFAULT NULL,
  `reset_password_sent_at` datetime DEFAULT NULL,
  `remember_created_at` datetime DEFAULT NULL,
  `sign_in_count` int(11) DEFAULT '0',
  `current_sign_in_at` datetime DEFAULT NULL,
  `last_sign_in_at` datetime DEFAULT NULL,
  `current_sign_in_ip` varchar(255) COLLATE utf8_unicode_ci DEFAULT NULL,
  `last_sign_in_ip` varchar(255) COLLATE utf8_unicode_ci DEFAULT NULL,
  `confirmation_token` varchar(255) COLLATE utf8_unicode_ci DEFAULT NULL,
  `confirmed_at` datetime DEFAULT NULL,
  `confirmation_sent_at` datetime DEFAULT NULL,
  `unconfirmed_email` varchar(255) COLLATE utf8_unicode_ci DEFAULT NULL,
  `failed_attempts` int(11) DEFAULT '0',
  `unlock_token` varchar(255) COLLATE utf8_unicode_ci DEFAULT NULL,
  `locked_at` datetime DEFAULT NULL,
  `authentication_token` varchar(255) COLLATE utf8_unicode_ci DEFAULT NULL,
  `type` varchar(255) COLLATE utf8_unicode_ci DEFAULT NULL,
  `first_name` varchar(255) COLLATE utf8_unicode_ci DEFAULT NULL,
  `last_name` varchar(255) COLLATE utf8_unicode_ci DEFAULT NULL,
  `dob` datetime DEFAULT NULL,
  `created_at` datetime NOT NULL,
  `updated_at` datetime NOT NULL,
  `experience` varchar(255) COLLATE utf8_unicode_ci DEFAULT NULL,
  `specialization` text COLLATE utf8_unicode_ci,
  `offered_pujas` text COLLATE utf8_unicode_ci,
  `terms` text COLLATE utf8_unicode_ci,
  `locations` text COLLATE utf8_unicode_ci,
  `phone` varchar(255) COLLATE utf8_unicode_ci DEFAULT NULL,
  `approved` tinyint(1) DEFAULT NULL,
  `description` text COLLATE utf8_unicode_ci,
  `slug` varchar(255) COLLATE utf8_unicode_ci DEFAULT NULL,
  `offered_services` text COLLATE utf8_unicode_ci,
  `cities` varchar(255) COLLATE utf8_unicode_ci DEFAULT NULL,
  PRIMARY KEY (`id`),
  UNIQUE KEY `index_users_on_email` (`email`),
  UNIQUE KEY `index_users_on_reset_password_token` (`reset_password_token`),
  UNIQUE KEY `index_users_on_confirmation_token` (`confirmation_token`),
  UNIQUE KEY `index_users_on_unlock_token` (`unlock_token`),
  UNIQUE KEY `index_users_on_authentication_token` (`authentication_token`),
  UNIQUE KEY `index_users_on_slug` (`slug`)
) ENGINE=InnoDB AUTO_INCREMENT=87 DEFAULT CHARSET=utf8 COLLATE=utf8_unicode_ci;
/*!40101 SET character_set_client = @saved_cs_client */;

--
-- Dumping data for table `users`
--

LOCK TABLES `users` WRITE;
/*!40000 ALTER TABLE `users` DISABLE KEYS */;
INSERT INTO `users` VALUES (1,'sumit.shevtekar@gmail.com','$2a$10$sWsz68fVdvyu.XzUfyrz0OuqChB6SQn3wqAfochQUfdEPnIM3lEzy',NULL,NULL,NULL,7,'2012-12-24 08:40:16','2012-12-24 05:34:20','116.203.24.76','124.247.239.73',NULL,'2012-10-31 05:37:23','2012-10-31 05:36:56',NULL,0,NULL,NULL,NULL,NULL,'sumit','shevtekar',NULL,'2012-10-31 05:36:56','2012-12-24 08:40:16',NULL,NULL,NULL,NULL,NULL,'9999999999',1,NULL,'sumit-shevtekar',NULL,NULL),(2,'niket@truespider.com','$2a$10$rCPXkpnjvELcblkV.1odj.EJUG4GR4CjVV6CqoQx2TvTlsquBqeJK',NULL,NULL,NULL,9,'2012-12-24 04:36:04','2012-12-08 00:55:44','122.179.149.136','122.169.31.41',NULL,'2012-11-05 00:19:25','2012-11-05 00:18:04',NULL,0,NULL,NULL,NULL,NULL,'Niket','Puranik',NULL,'2012-11-05 00:18:04','2012-12-24 04:36:04',NULL,NULL,NULL,NULL,NULL,'9999999999',1,NULL,'niket-puranik',NULL,NULL),(3,'ravi_murumkar@rediffmail.com','$2a$10$1LmRGGu0XLURL/LQqNN.i.URPUWme./DfW1pp5.NqwagZvX2NALXy',NULL,NULL,NULL,1,'2012-11-10 04:51:54','2012-11-10 04:51:54','124.247.239.73','124.247.239.73',NULL,'2012-11-10 04:51:54','2012-11-10 04:50:49',NULL,0,NULL,NULL,NULL,NULL,'Ravi','m',NULL,'2012-11-10 04:50:49','2012-12-03 09:56:59',NULL,NULL,NULL,NULL,NULL,'9999999999',1,NULL,'ravi-m',NULL,NULL),(4,'akshay@truespider.com','$2a$10$b1qzuayyyOZfTAOSkbuVr.w5WuXkpAY53l7moV087S.hkHouFEEPi',NULL,NULL,NULL,2,'2012-11-30 12:11:23','2012-11-10 07:26:09','122.169.31.41','122.169.51.204',NULL,'2012-11-10 07:26:09','2012-11-10 07:24:47',NULL,5,NULL,NULL,NULL,NULL,'Akshay','Nahar',NULL,'2012-11-10 07:24:47','2012-12-11 05:41:54',NULL,NULL,NULL,NULL,NULL,'9999999999',1,NULL,'akshay-nahar',NULL,NULL),(5,'vaishalinarkar@ymail.com','$2a$10$oav.PRDUrTREv7Sqp11quu6AuCQIB8sId5iyw3u5DNDUemsQ.6lyq',NULL,NULL,NULL,1,'2012-11-24 01:35:20','2012-11-24 01:35:20','117.219.135.245','117.219.135.245',NULL,'2012-11-24 01:35:20','2012-11-24 01:34:38',NULL,0,NULL,NULL,NULL,NULL,'Vaishali','Narkar',NULL,'2012-11-24 01:34:38','2012-12-03 09:56:59',NULL,NULL,NULL,NULL,NULL,'9999999999',1,NULL,'vaishali-narkar',NULL,NULL),(6,'admin@truespider.com','$2a$10$O5IQ/zz1LMCf1SGs3FKewODvUzGHYfIYaSIaVVjWxcL4byfliLdh6',NULL,NULL,NULL,48,'2012-12-24 10:40:39','2012-12-24 10:40:38','122.169.28.8','122.169.28.8',NULL,'2012-11-28 06:43:32','2012-11-28 06:42:48',NULL,0,NULL,NULL,NULL,'SuperAdmin','Admin','TrueSpider',NULL,'2012-11-28 06:42:48','2012-12-24 10:40:39',NULL,NULL,NULL,NULL,NULL,'9999999999',1,NULL,'admin-truespider',NULL,NULL),(7,'puja@truespider.com','$2a$10$k/u4Eu468ELi3YopNXnHt.4EWJIl53vV6ty2CZjwlyjohHCdDr/GC',NULL,NULL,NULL,9,'2012-12-11 05:40:40','2012-12-03 07:26:34','122.169.31.41','122.169.31.41',NULL,'2012-11-29 08:30:13','2012-11-29 08:28:45',NULL,0,NULL,NULL,NULL,'Guruji','Puja','Burande',NULL,'2012-11-29 08:28:45','2012-12-11 05:41:34','','','',NULL,'','9090909090',1,'<ul style=\"list-style: disc; color: red; margin-left: 50px;\">\r\n<li>asdasd</li>\r\n<li>asdasd</li>\r\n<li>asdasdwqeqe qweqe</li>\r\n<li>qweqwe qwe qeq</li>\r\n<li>qweqwe qwe qwe qeqweqwe</li>\r\n<li>qweqwewqe</li>\r\n</ul>','puja-burande',NULL,NULL),(8,'akshay+1@truespider.com','$2a$10$WgFNTnf/LfjhEYGsG6iGyuDWenmVKPYsdWB/IHTAt9C6JLaIVSia.',NULL,NULL,NULL,2,'2012-12-11 05:43:21','2012-11-30 12:12:46','122.169.31.41','122.169.31.41',NULL,'2012-11-30 12:09:27','2012-11-30 12:08:27',NULL,0,NULL,NULL,NULL,'Guruji','Akshay','Nahar',NULL,'2012-11-30 12:08:27','2012-12-11 05:43:57','','','',NULL,'','9090909090',1,'','akshay-nahar--2',NULL,NULL),(9,'niket+1@truespider.com','$2a$10$HGRKuK3YbGrPZrsiu/lqIO2OwZuLShaqKQA2mlsluxamiHaXbL8NG',NULL,NULL,NULL,1,'2012-12-07 11:58:46','2012-12-07 11:58:46','122.169.31.41','122.169.31.41',NULL,'2012-12-07 11:57:44',NULL,NULL,0,NULL,NULL,NULL,'Customer','Niket','Puranik',NULL,'2012-12-07 11:57:45','2012-12-07 11:58:46',NULL,NULL,NULL,NULL,NULL,'9090909090',1,NULL,'niket-puranik--2',NULL,NULL),(10,'sumit@ss.com','$2a$10$zMDf.hpKx8FV3MJgiGTTfugta5NdEI0d5lnRsQrtVvDwyDpCVkPyO',NULL,NULL,NULL,0,NULL,NULL,NULL,NULL,NULL,'2012-12-07 22:51:19',NULL,NULL,0,NULL,NULL,NULL,'Customer','sumit','-',NULL,'2012-12-07 22:51:20','2012-12-07 22:51:20',NULL,NULL,NULL,NULL,NULL,'8899888988',1,NULL,'sumit',NULL,NULL),(11,'prashant+1@truespider.com','$2a$10$l6dn5v8y3piurGvw9rqg8u4uByKvkMS0UvV.rhSfqXBnyUELCsOSe',NULL,NULL,NULL,0,NULL,NULL,NULL,NULL,NULL,'2012-12-08 11:13:46',NULL,NULL,0,NULL,NULL,NULL,'Customer','Sagar','Mali',NULL,'2012-12-08 11:13:46','2012-12-08 11:13:46',NULL,NULL,NULL,NULL,NULL,'9764000760',1,NULL,'sagar-mali',NULL,NULL),(12,'akki@gmail.com','$2a$10$MMc2bLLPMATf4Dhlfczcwu9rnm5c4cI3IDnqJv5MqqsKMf/ASorpe',NULL,NULL,NULL,0,NULL,NULL,NULL,NULL,'x5Uv6P8gcuyt87QJoDyR',NULL,'2012-12-08 11:20:35',NULL,0,NULL,NULL,NULL,'Customer','akshay','d7878',NULL,'2012-12-08 11:20:35','2012-12-08 11:20:35',NULL,NULL,NULL,NULL,NULL,'asd123',1,NULL,'akshay-d7878',NULL,NULL),(13,'dsdsfdsf@333.com','$2a$10$QU62NmDzCWPNxHM1kqEKI.XxKmSBh1hYv7ru0tShZaf8/KlL8X26i',NULL,NULL,NULL,0,NULL,NULL,NULL,NULL,NULL,'2012-12-08 22:04:18',NULL,NULL,0,NULL,NULL,NULL,'Customer','dsdf','-',NULL,'2012-12-08 22:04:18','2012-12-08 22:04:18',NULL,NULL,NULL,NULL,NULL,'dsdfds',1,NULL,'dsdf',NULL,NULL),(14,'niket+10@truespider.com','$2a$10$/1FK37pPGFiaCxomhug8ReMTqpgblNUPAvk9vWXkbTkIxa.qxNL1G',NULL,NULL,NULL,0,NULL,NULL,NULL,NULL,NULL,'2012-12-10 03:34:43',NULL,NULL,0,NULL,NULL,NULL,'Customer','niket','-',NULL,'2012-12-10 03:34:44','2012-12-10 03:34:44',NULL,NULL,NULL,NULL,NULL,'9494949494',1,NULL,'niket',NULL,NULL),(15,'niket.puranik+123@gmail.com','$2a$10$UfgEhd90lu5RJExdqaQFvux/j3/kYnc67Fdap.Yp1TmSbVbYr1hem',NULL,NULL,NULL,0,NULL,NULL,NULL,NULL,NULL,'2012-12-10 04:14:45',NULL,NULL,0,NULL,NULL,NULL,'Customer','Niket','Sunil',NULL,'2012-12-10 04:14:45','2012-12-10 04:14:45',NULL,NULL,NULL,NULL,NULL,'919767697369',1,NULL,'niket-sunil',NULL,NULL),(16,'niket.puranik+23@gmail.com','$2a$10$LERUwhJxws/aEItruf8Pp.ycO4TsINU9YDZ1QBRlqXdf/K7EeRLDS',NULL,NULL,NULL,0,NULL,NULL,NULL,NULL,NULL,'2012-12-10 04:26:26',NULL,NULL,0,NULL,NULL,NULL,'Customer','Niket','Sunil',NULL,'2012-12-10 04:26:27','2012-12-10 04:26:27',NULL,NULL,NULL,NULL,NULL,'919767697369',1,NULL,'niket-sunil--2',NULL,NULL),(17,'niket+25@truespider.com','$2a$10$kvsh53FHrzhcw4TW.WHUdepFqZRm7dT6zRiDm6x2frYFf/ANa3Bzy',NULL,NULL,NULL,0,NULL,NULL,NULL,NULL,NULL,'2012-12-10 23:34:31',NULL,NULL,0,NULL,NULL,NULL,'Customer','Niket','-',NULL,'2012-12-10 23:34:31','2012-12-10 23:34:31',NULL,NULL,NULL,NULL,NULL,'6363636363',1,NULL,'niket--2',NULL,NULL),(18,'niket+kapre@truespider.com','$2a$10$QYoOfUuph.LFtyMxxyv0puTC0iRY7jjGPS1C2yHscBkhl.Zrbz/r.',NULL,NULL,NULL,9,'2012-12-24 10:43:30','2012-12-24 01:24:13','122.169.28.8','122.179.149.136',NULL,'2012-12-11 02:36:06','2012-12-11 02:35:23',NULL,0,NULL,NULL,NULL,'Guruji','VEDMURTI SHRI MANOJ ','KAPARE ',NULL,'2012-12-11 02:35:23','2012-12-24 10:43:30','','','13|12|11|9|8|7|6|5|4|3|2|1',NULL,'11|1|14|16|17|2|3|4|5|6|7|8|9|10|167|168|169|170|171|172|173|174|175|176|177|178|179|180|181|182|183|184|185|186|187|188|189|190|191|192|193|194|195|196|197|198|199|200|201|202|203|204|205|206|207|208|209|210|211|212|213|214|215|216|217|218|219|220|221|222|223|224|225|226|227|228|229|230|231|232|233|234|235|236|237|238|239|240|241|242|243|244|245|246|247|248|249|250|251|252|253|254|255|256|257|258|259|260|261','9764000760',1,'<p style=\"color: #222222; font-family: arial, sans-serif; font-size: 13px;\" align=\"justify\"><strong>Kapare Guruji</strong>&nbsp;has been practicing astrology since 2000 and giving guidance to people from all walks of life for important events in their life such as Marriage, Buying Vehicle, Home, Change in Job, Starting new business, thread ceremony &amp; Many more.&nbsp;<strong>ALL OVER INDIA,</strong></p>\r\n<p style=\"color: #222222; font-family: arial, sans-serif; font-size: 13px;\" align=\"justify\">Thorough Vedic, Scientific &amp; Logical explanation of the essence of important steps of Pooja.Interesting interactive method of performing Pooja in which the Hosts participate whole heartedly.Pooja in a very lively atmosphere filled with fun &amp; humor which keeps everyone very much interested.</p>','vedmurti-shri-manoj-kapare',NULL,NULL),(19,'niket+test@truespider.com','$2a$10$rZNvrstSuAhM4MCFZM73J.T5pYl.1RskA3vyvDz302gZAHo6itQQ6',NULL,NULL,NULL,0,NULL,NULL,NULL,NULL,NULL,'2012-12-11 03:06:33',NULL,NULL,0,NULL,NULL,NULL,'Customer','Niket','Puranik',NULL,'2012-12-11 03:06:33','2012-12-11 03:06:33',NULL,NULL,NULL,NULL,NULL,'919096022828',1,NULL,'niket-puranik--3',NULL,NULL),(20,'prashant.chaudhari89+test@gmail.com','$2a$10$rT7yNbj2imeyoAPr9himR.11eW1O58IGorZsl.QAgjqSZo4tMjdnW',NULL,NULL,NULL,1,'2012-12-11 04:30:56','2012-12-11 04:30:56','122.169.31.41','122.169.31.41',NULL,'2012-12-11 04:30:13',NULL,NULL,0,NULL,NULL,NULL,'Customer','Prashant','Chaudhari',NULL,'2012-12-11 04:30:13','2012-12-11 05:20:00',NULL,NULL,NULL,NULL,NULL,'919096022828',1,NULL,'prashant-chaudhari',NULL,NULL),(21,'unkwon@noemail.com','$2a$10$OkySNBN5yZa.cEF9YR6UWOe3Vq9Xq0JFx2HXJrjFj4PogX2.k/h9u',NULL,NULL,NULL,0,NULL,NULL,NULL,NULL,NULL,'2012-12-11 10:05:52',NULL,NULL,0,NULL,NULL,NULL,'Customer','unknown','-',NULL,'2012-12-11 10:05:53','2012-12-11 10:05:53',NULL,NULL,NULL,NULL,NULL,'+9194379839429',1,NULL,'unknown',NULL,NULL),(22,'bhushanpuranik61@gmail.com','$2a$10$5pS3qkosfFT4e2oZ.eTPCeGV9eBouG5PZ5ubtFs17UiYnBbf6b6J6',NULL,NULL,'2012-12-11 11:03:52',1,'2012-12-11 11:03:52','2012-12-11 11:03:52','117.195.87.99','117.195.87.99',NULL,'2012-12-11 11:03:12',NULL,NULL,0,NULL,NULL,NULL,'Customer','Bhushan','Puranik',NULL,'2012-12-11 11:03:12','2012-12-11 11:03:52',NULL,NULL,NULL,NULL,NULL,'8275374407',1,NULL,'bhushan-puranik',NULL,NULL),(23,'abc@gmail.com','$2a$10$F9Tr/9PoHVc38lDnk3m8tO/JztQ8ikBjqHfxZcLoh0GYy8YMyW1li',NULL,NULL,NULL,0,NULL,NULL,NULL,NULL,NULL,'2012-12-11 15:12:59',NULL,NULL,0,NULL,NULL,NULL,'Customer','abc','-',NULL,'2012-12-11 15:12:59','2012-12-11 15:12:59',NULL,NULL,NULL,NULL,NULL,'1234567891',1,NULL,'abc',NULL,NULL),(24,'decoroussoft@gmail.com','$2a$10$WtRUtdHE/OZgwfX6HbjNGe8V1sbl4cgGo3dRjO3T3NuqkpMttw.cq',NULL,NULL,NULL,1,'2012-12-13 23:23:16','2012-12-13 23:23:16','124.247.239.70','124.247.239.70',NULL,'2012-12-13 23:22:18',NULL,NULL,0,NULL,NULL,NULL,'Customer','sumit','s',NULL,'2012-12-13 23:22:19','2012-12-13 23:23:16',NULL,NULL,NULL,NULL,NULL,'8877887788',1,NULL,'sumit-s',NULL,NULL),(25,'gauravbhavsar90@gmail.com','$2a$10$ZVd4twZ3lKLbfMHUdvXEHuvhK3ASvIMgdeA639WgoDrxcnQQBy6cy',NULL,NULL,NULL,1,'2012-12-14 04:29:26','2012-12-14 04:29:26','116.75.5.113','116.75.5.113',NULL,'2012-12-14 04:29:26','2012-12-14 04:28:55',NULL,0,NULL,NULL,NULL,'Customer','GAURAV','BHAVSAR',NULL,'2012-12-14 04:28:55','2012-12-14 04:29:26',NULL,NULL,NULL,NULL,NULL,'9823905872',1,NULL,'gaurav-bhavsar',NULL,NULL),(26,'niket.puranik+test@gmail.com','$2a$10$S8h9IPUVbexiKTyxHQHMdeBjOaFKlrYFqqt3cU76ZhBl/QXYHBiaG',NULL,NULL,NULL,0,NULL,NULL,NULL,NULL,NULL,'2012-12-14 08:28:15',NULL,NULL,0,NULL,NULL,NULL,'Customer','Niket','Sunil',NULL,'2012-12-14 08:28:16','2012-12-14 08:28:16',NULL,NULL,NULL,NULL,NULL,'919767697369',1,NULL,'niket-sunil--3',NULL,NULL),(27,'pec.ashish@gmail.com','$2a$10$BNsNk/XodrfjpHV1i/XGNeO/Rfx9rfKdnMhEguDv0ATz21wiPghkG',NULL,NULL,NULL,0,NULL,NULL,NULL,NULL,NULL,'2012-12-14 10:42:28',NULL,NULL,0,NULL,NULL,NULL,'Customer','add','-',NULL,'2012-12-14 10:42:28','2012-12-14 10:42:28',NULL,NULL,NULL,NULL,NULL,'1341341',1,NULL,'add',NULL,NULL),(28,'asd@gmail.com','$2a$10$J8pcSD72Th52PDmyBTCWVeMbUrY9cHIS5Rh3FNbxRqUkSuZlH20YC','YbZq5fVy4Xqh322x6usZ','2012-12-21 02:48:40',NULL,0,NULL,NULL,NULL,NULL,NULL,'2012-12-14 12:33:22',NULL,NULL,1,NULL,NULL,NULL,'Customer','asd','-',NULL,'2012-12-14 12:33:22','2012-12-21 02:49:03',NULL,NULL,NULL,NULL,NULL,'8664534535',1,NULL,'asd',NULL,NULL),(29,'niket.puranik+12123@gmail.com','$2a$10$/fZZlhFf7m6TBovaU71zzevzkOzgs9SQtCZaagVjj/XEWMzlrpUbK',NULL,NULL,NULL,0,NULL,NULL,NULL,NULL,NULL,'2012-12-16 06:49:36',NULL,NULL,0,NULL,NULL,NULL,'Customer','Niket','Sunil',NULL,'2012-12-16 06:49:37','2012-12-16 06:49:37',NULL,NULL,NULL,NULL,NULL,'919767697369',1,NULL,'niket-sunil--4',NULL,NULL),(30,'anandkelkar@gmail.com','$2a$10$/s8Rz1onveUdPW3a48tmJ.Q9/TZtVs.A34DFYlyxX4RJrREAmWI8G',NULL,NULL,NULL,0,NULL,NULL,NULL,NULL,'kVxeqsUSaz7TEMKzHksC',NULL,'2012-12-17 20:49:26',NULL,0,NULL,NULL,NULL,'Customer','Anand','kelkar',NULL,'2012-12-17 20:49:26','2012-12-17 20:49:26',NULL,NULL,NULL,NULL,NULL,'9867124421',1,NULL,'anand-kelkar',NULL,NULL),(31,'lelechitra@gmail.com','$2a$10$oMG10rcR4EE7jEB24gTAxePM/wlN8ycA0bk02qBA5Ihyrh36qjmzi',NULL,NULL,NULL,0,NULL,NULL,NULL,NULL,'X36pkssqVTdmTH5To9ym',NULL,'2012-12-17 21:40:41',NULL,0,NULL,NULL,NULL,'Customer','Chitra ','Lele',NULL,'2012-12-17 21:40:41','2012-12-17 21:40:41',NULL,NULL,NULL,NULL,NULL,'9823686333',1,NULL,'chitra-lele',NULL,NULL),(32,'guruji2012@rediff.com','$2a$10$w8VgFhGWYCe6ap4eLucsH.XGKUyZajjB3pRoriagNBJNddLhlWKjC',NULL,NULL,NULL,0,NULL,NULL,NULL,NULL,NULL,'2012-12-17 23:09:51',NULL,NULL,0,NULL,NULL,NULL,'Customer','rhwe[flerre','-',NULL,'2012-12-17 23:09:52','2012-12-17 23:09:52',NULL,NULL,NULL,NULL,NULL,'02026336360',1,NULL,'rhwe-flerre',NULL,NULL),(33,'djshantanu@rediffmail.com','$2a$10$JLPwKfxuM7LsRoYPTaDE4eh/dn.ypIm4/AL1nMDflGV7f9/.Hy9tC',NULL,NULL,NULL,1,'2012-12-18 02:09:39','2012-12-18 02:09:39','123.237.11.104','123.237.11.104',NULL,'2012-12-18 02:09:39','2012-12-17 23:28:11',NULL,0,NULL,NULL,NULL,'Customer','SHANTANU','DHARMADHIKARI',NULL,'2012-12-17 23:28:11','2012-12-18 02:09:39',NULL,NULL,NULL,NULL,NULL,'9371166828, 020-24357227, 24271428',1,NULL,'shantanu-dharmadhikari',NULL,NULL),(34,'shouche.suyog@rediffmail.com','$2a$10$SrZO6Vgo4SacSkaKq9QY9ONFb0xGn73YcYzjiXcRdKGu7x3xSMage',NULL,NULL,NULL,0,NULL,NULL,NULL,NULL,'8HMBzbfR4NJ4gS7FkTd3',NULL,'2012-12-17 23:47:17',NULL,0,NULL,NULL,NULL,'Customer','Suyog ','Shouche',NULL,'2012-12-17 23:47:17','2012-12-17 23:47:17',NULL,NULL,NULL,NULL,NULL,'9922449483',1,NULL,'suyog-shouche',NULL,NULL),(35,'vipul.dhere.2@gmail.com','$2a$10$Vwo4/TUw0IFN41yreQC/quYgr6ju4Q5tKfvChzkfCIDoQN0cWFILK',NULL,NULL,NULL,0,NULL,NULL,NULL,NULL,'Vd6JuBEpEsp7o2hGEGrm',NULL,'2012-12-18 00:22:34',NULL,0,NULL,NULL,NULL,'Customer','vipul','dhere',NULL,'2012-12-18 00:22:34','2012-12-18 00:22:34',NULL,NULL,NULL,NULL,NULL,'9011491214/8856851963',1,NULL,'vipul-dhere',NULL,NULL),(36,'virudz@gmail.com','$2a$10$laUweb.63vAT8k0Ul8wmZu7dKi5RgjtRo5DpCmOHgSipUQ53ivFeK',NULL,NULL,NULL,0,NULL,NULL,NULL,NULL,NULL,'2012-12-18 00:38:44',NULL,NULL,0,NULL,NULL,NULL,'Customer','vridudhh','-',NULL,'2012-12-18 00:38:44','2012-12-18 00:38:44',NULL,NULL,NULL,NULL,NULL,'8888812698',1,NULL,'vridudhh',NULL,NULL),(38,'srinivas@gmail.com','$2a$10$YVNGCXOJ0sjet3YsvE/cNOnmfqHbwnMa1iaR88ex6vSY5tUFhs43y',NULL,NULL,NULL,0,NULL,NULL,NULL,NULL,NULL,'2012-12-18 01:04:56',NULL,NULL,0,NULL,NULL,NULL,'Customer','A','-',NULL,'2012-12-18 01:04:56','2012-12-18 01:04:56',NULL,NULL,NULL,NULL,NULL,'9822403382',1,NULL,'a',NULL,NULL),(39,'c@yahoo.com','$2a$10$XLMHppJs/NXdLYZSGXGXluPiuhr6Ej5rnXM/VNud83sGO/7D1n.ma',NULL,NULL,NULL,0,NULL,NULL,NULL,NULL,NULL,'2012-12-18 01:38:54',NULL,NULL,0,NULL,NULL,NULL,'Customer','c','-',NULL,'2012-12-18 01:38:54','2012-12-18 01:38:54',NULL,NULL,NULL,NULL,NULL,'98',1,NULL,'c',NULL,NULL),(40,'ssss@gmail.com','$2a$10$VGcUDJvqslpB121HriZx4eGSkOFAgHTwCS1Oc/1FpLPSVXZ86KHKa',NULL,NULL,NULL,0,NULL,NULL,NULL,NULL,NULL,'2012-12-18 01:39:58',NULL,NULL,0,NULL,NULL,NULL,'Customer','ssss','-',NULL,'2012-12-18 01:39:58','2012-12-18 01:39:58',NULL,NULL,NULL,NULL,NULL,'999999999',1,NULL,'ssss',NULL,NULL),(41,'asda@gmail.com','$2a$10$rBE6.JQ0nJktQKiTtXyoT.Cn850OtL5kF4a9f.S.kt3MEZ4YVldnK',NULL,NULL,NULL,0,NULL,NULL,NULL,NULL,NULL,'2012-12-18 02:03:05',NULL,NULL,0,NULL,NULL,NULL,'Customer','ad','-',NULL,'2012-12-18 02:03:05','2012-12-18 02:03:05',NULL,NULL,NULL,NULL,NULL,'7798847404',1,NULL,'ad',NULL,NULL),(42,'anuja88.deshpande@gmail.com','$2a$10$YMwz8EfSvHyqXjzr8D/8nOIBE7M90DMFxZQcV2riq3sBapGXprZMq',NULL,NULL,NULL,0,NULL,NULL,NULL,NULL,NULL,'2012-12-18 02:47:40',NULL,NULL,0,NULL,NULL,NULL,'Customer','anuja','-',NULL,'2012-12-18 02:47:40','2012-12-18 02:47:40',NULL,NULL,NULL,NULL,NULL,'5667899000',1,NULL,'anuja',NULL,NULL),(43,'a@a.com','$2a$10$rIIqKcdfzfCZ7AkT.34DsOmZljPCQw2jJnF/4BfgjixqcsL5jLsKm',NULL,NULL,NULL,0,NULL,NULL,NULL,NULL,NULL,'2012-12-18 02:51:12',NULL,NULL,0,NULL,NULL,NULL,'Customer','a','-',NULL,'2012-12-18 02:51:12','2012-12-18 02:51:12',NULL,NULL,NULL,NULL,NULL,'234',1,NULL,'a--2',NULL,NULL),(44,'nitinb@yahoo.com','$2a$10$XRHyQ/yozkMR8AhW/lFIFevDi1vFy9qw.qaA2zBhT5n67XxGKDbLe',NULL,NULL,NULL,0,NULL,NULL,NULL,NULL,NULL,'2012-12-18 03:04:51',NULL,NULL,0,NULL,NULL,NULL,'Customer','Nitin','G.',NULL,'2012-12-18 03:04:51','2012-12-18 04:31:09',NULL,NULL,NULL,NULL,NULL,'9822476671',1,NULL,'nitin-g',NULL,NULL),(45,'test@test.com','$2a$10$azUsJNERCziV.jN2bAyx3uyfac9Frc4RtyePaJC6tdEgpBb6oql8W',NULL,NULL,NULL,0,NULL,NULL,NULL,NULL,NULL,'2012-12-18 03:07:50',NULL,NULL,0,NULL,NULL,NULL,'Customer','Test','-',NULL,'2012-12-18 03:07:50','2012-12-18 03:07:50',NULL,NULL,NULL,NULL,NULL,'9767697369',1,NULL,'test',NULL,NULL),(46,'to.girishkulkarni@gmail.com','$2a$10$I26AjOj7pLNKrrZ20ZQdxev2/WQ46cCtG7St4tEoobAgiBdBOWnvm',NULL,NULL,NULL,1,'2012-12-18 04:05:38','2012-12-18 04:05:38','155.91.28.231','155.91.28.231',NULL,'2012-12-18 04:05:38','2012-12-18 03:30:45',NULL,0,NULL,NULL,NULL,'Customer','Girish','Kulkarni',NULL,'2012-12-18 03:30:45','2012-12-18 04:05:38',NULL,NULL,NULL,NULL,NULL,'9225763687',1,NULL,'girish-kulkarni',NULL,NULL),(47,'prashantkhinvasara@gmail.com','$2a$10$6M/fVwA4wv54/VZFkZraCuSF42MqqwJ0yN.MJ6chPO79M6TUn6Fe.',NULL,NULL,NULL,0,NULL,NULL,NULL,NULL,NULL,'2012-12-18 03:35:13',NULL,NULL,0,NULL,NULL,NULL,'Customer','Prashant','-',NULL,'2012-12-18 03:35:13','2012-12-18 03:35:13',NULL,NULL,NULL,NULL,NULL,'9850569306',1,NULL,'prashant',NULL,NULL),(48,'p.kelkarguruji@gmail.com','$2a$10$cBfiiUsuw5IiLrRx549EUujlB/oHlcB6PU8GroivFRdABCn6af862',NULL,NULL,NULL,2,'2012-12-19 11:22:37','2012-12-18 04:53:33','115.242.103.20','115.241.154.153',NULL,'2012-12-18 04:53:33','2012-12-18 03:58:43',NULL,0,NULL,NULL,NULL,'Customer','pankaj','kelkar',NULL,'2012-12-18 03:58:43','2012-12-19 11:22:37',NULL,NULL,NULL,NULL,NULL,'02025453549/9011577977/9822887977',1,NULL,'pankaj-kelkar',NULL,NULL),(49,'avinashkhutwad@yahoo.in','$2a$10$/G.pH61qptw95IbjdVFwi.1rV5gtpS1RzVTWSGwqSrne1RwLqm4yi',NULL,NULL,NULL,0,NULL,NULL,NULL,NULL,NULL,'2012-12-18 05:19:32',NULL,NULL,0,NULL,NULL,NULL,'Customer','Avinash','S',NULL,'2012-12-18 05:19:33','2012-12-18 05:19:33',NULL,NULL,NULL,NULL,NULL,'9922451165',1,NULL,'avinash-s',NULL,NULL),(50,'poona_svk_2007@yahoo.com','$2a$10$PWbpiGPodH7Ws46aJb7uIOnVQ4kp6TPAcDUbtumIxqAlX9rZKXOOm',NULL,NULL,NULL,0,NULL,NULL,NULL,NULL,'SCWR3kws1wkb8MEte4zr',NULL,'2012-12-18 05:58:19',NULL,0,NULL,NULL,NULL,'Customer','Mataprasad','Naik',NULL,'2012-12-18 05:58:19','2012-12-18 05:58:19',NULL,NULL,NULL,NULL,NULL,'9420483092',1,NULL,'mataprasad-naik',NULL,NULL),(51,'malvankarj@gmail.com','$2a$10$lxZJVt4ayZx8OF10ql5vcuvPRG1uoPIwmxC/PnG6H7aXjCbZcgCnC',NULL,NULL,NULL,0,NULL,NULL,NULL,NULL,NULL,'2012-12-18 06:21:33',NULL,NULL,0,NULL,NULL,NULL,'Customer','Malvankar','J.',NULL,'2012-12-18 06:21:33','2012-12-18 06:21:33',NULL,NULL,NULL,NULL,NULL,'9730073907',1,NULL,'malvankar-j',NULL,NULL),(52,'vipul.dhere1234@gmail.com','$2a$10$qQgRa4MwE8G5s4/TtpSRQOyZ3ZDnFY4ah5NPPyW.oJ/df/d999C42',NULL,NULL,NULL,0,NULL,NULL,NULL,NULL,'C9rYXosyCbtZhhqprgYz',NULL,'2012-12-18 06:24:46',NULL,0,NULL,NULL,NULL,'Customer','vipul ','dhere ',NULL,'2012-12-18 06:24:46','2012-12-18 06:24:46',NULL,NULL,NULL,NULL,NULL,'9011491214',1,NULL,'vipul-dhere--2',NULL,NULL),(53,'adarshkedari@gmail.com','$2a$10$YZJepcOdl5Bb5SDHlv8EeemKmeasbk6pGcAMO8VRPUG7NOpQ2ytj.',NULL,NULL,NULL,1,'2012-12-18 07:27:38','2012-12-18 07:27:38','115.115.166.210','115.115.166.210',NULL,'2012-12-18 07:27:38','2012-12-18 07:17:01',NULL,0,NULL,NULL,NULL,'Customer','Adarsh','Kedari',NULL,'2012-12-18 07:17:01','2012-12-18 07:27:38',NULL,NULL,NULL,NULL,NULL,'8446496733',1,NULL,'adarsh-kedari',NULL,NULL),(54,'lay-bhari-idea@ahe.re','$2a$10$ggj.p3oe3raqomp1p5PlceuVWJFPd7tim5UZvsl42z.UgmSmPBmt6',NULL,NULL,NULL,0,NULL,NULL,NULL,NULL,'sjiZsqRSppwqtpmJjEoX',NULL,'2012-12-18 07:32:18',NULL,0,NULL,NULL,NULL,'Customer','a','maderchot',NULL,'2012-12-18 07:32:18','2012-12-18 07:32:18',NULL,NULL,NULL,NULL,NULL,'8989898989',1,NULL,'a-maderchot',NULL,NULL),(55,'prasad@in.com','$2a$10$YZmI6Je8tw4P1wySM.Hjlu2FbBz5seInDwji5n1sjRxYV4RqQWrnC',NULL,NULL,NULL,0,NULL,NULL,NULL,NULL,NULL,'2012-12-18 07:51:43',NULL,NULL,0,NULL,NULL,NULL,'Customer','prasad','-',NULL,'2012-12-18 07:51:43','2012-12-18 07:51:43',NULL,NULL,NULL,NULL,NULL,'9438418888',1,NULL,'prasad',NULL,NULL),(56,'anukul2022@gmail.com','$2a$10$b2HVQJFiYfHIriVnEd44QuBHv9iV.3uiAAjHY/d6lnzFy1m4LLM3O',NULL,NULL,NULL,0,NULL,NULL,NULL,NULL,NULL,'2012-12-18 08:06:33',NULL,NULL,2,NULL,NULL,NULL,'Customer','Anant','Kulkarni',NULL,'2012-12-18 08:06:33','2012-12-18 08:07:56',NULL,NULL,NULL,NULL,NULL,'9420667025',1,NULL,'anant-kulkarni',NULL,NULL),(57,'diwate.datta@gmail.com','$2a$10$vWVUMEQnKqb.vlv3im0KS.oA9q34R7XKgr44OpuzaoXAQ0mS.98V2',NULL,NULL,NULL,0,NULL,NULL,NULL,NULL,NULL,'2012-12-18 08:15:10',NULL,NULL,0,NULL,NULL,NULL,'Customer','Datta','Diwate',NULL,'2012-12-18 08:15:10','2012-12-18 08:15:10',NULL,NULL,NULL,NULL,NULL,'9822535774',1,NULL,'datta-diwate',NULL,NULL),(58,'ashish.gumaste@gmail.com','$2a$10$Cez/UTih.WcQuthbu/s40e/NJLtkCC9Kzg13.rWrrbXk0OzWOsTmW',NULL,NULL,NULL,1,'2012-12-18 08:28:32','2012-12-18 08:28:32','115.242.117.92','115.242.117.92',NULL,'2012-12-18 08:27:52',NULL,NULL,0,NULL,NULL,NULL,'Customer','Ashish','-',NULL,'2012-12-18 08:27:52','2012-12-18 08:28:32',NULL,NULL,NULL,NULL,NULL,'9011041641',1,NULL,'ashish',NULL,NULL),(59,'anil@hotmail.com','$2a$10$gIko2oRQ1/BkoIH.yENqaeLGw5lBTiGm1Rf9hKLUGSB54qe/IjTL2',NULL,NULL,NULL,1,'2012-12-18 09:16:21','2012-12-18 09:16:21','121.245.144.230','121.245.144.230',NULL,'2012-12-18 09:14:49',NULL,NULL,0,NULL,NULL,NULL,'Customer','Anil','-',NULL,'2012-12-18 09:14:49','2012-12-18 09:17:53',NULL,NULL,NULL,NULL,NULL,'9890805515',1,NULL,'anil',NULL,NULL),(60,'prashant.chaudhari89@gmail.com','$2a$10$g67aNXt6wclJhN585l7sku2h32uGXbdQWAKO3xrJphJ/VPj4eyNmG',NULL,NULL,NULL,4,'2012-12-24 10:36:23','2012-12-24 05:17:40','122.169.28.8','122.179.149.136',NULL,'2012-12-18 09:35:27',NULL,NULL,0,NULL,NULL,NULL,'Customer','Prashant','Chaudhari',NULL,'2012-12-18 09:35:28','2012-12-24 10:36:23',NULL,NULL,NULL,NULL,NULL,'919096022828',1,NULL,'prashant-chaudhari--2',NULL,NULL),(61,'ganesh.dev15@gmail.com','$2a$10$LsbKKnFI5A3kjtaaixkyleVzDvW98.IU9.6ELxD..KpbO/5nn1ds.',NULL,NULL,NULL,0,NULL,NULL,NULL,NULL,'81N7QHNzgJzEjF1suEc3',NULL,'2012-12-18 12:07:37',NULL,0,NULL,NULL,NULL,'Customer','sudhakar','dev',NULL,'2012-12-18 12:07:37','2012-12-18 12:07:37',NULL,NULL,NULL,NULL,NULL,'9689961515',1,NULL,'sudhakar-dev',NULL,NULL),(62,'abc@ymail.com','$2a$10$oqxW0kAVshiol.tlxwjDs.Zn5.tB1qIC/UmUFtJNLOz8cGEapzeqq',NULL,NULL,NULL,0,NULL,NULL,NULL,NULL,NULL,'2012-12-18 14:35:40',NULL,NULL,0,NULL,NULL,NULL,'Customer','a','-',NULL,'2012-12-18 14:35:40','2012-12-18 14:35:40',NULL,NULL,NULL,NULL,NULL,'0202152545',1,NULL,'a--3',NULL,NULL),(63,'sdfsdf@rgrg.bc','$2a$10$dzrg7/BnrVY1qokgepUHeO/M3KgdugH5QRNlhe4739Lfc00r/Dn3i',NULL,NULL,NULL,1,'2012-12-18 15:17:53','2012-12-18 15:17:53','141.228.106.149','141.228.106.149',NULL,'2012-12-18 15:17:11',NULL,NULL,0,NULL,NULL,NULL,'Customer','sdfdfds','-',NULL,'2012-12-18 15:17:11','2012-12-18 15:17:53',NULL,NULL,NULL,NULL,NULL,'5555554',1,NULL,'sdfdfds',NULL,NULL),(64,'sangvikarg@gmail.com','$2a$10$zHuymtE0OV0BNkXuAU7JNOEkLLrtQMtTWiX2pFtTFxvOvoiAKbuTW',NULL,NULL,NULL,1,'2012-12-21 03:40:40','2012-12-21 03:40:40','123.201.116.74','123.201.116.74',NULL,'2012-12-21 03:40:39','2012-12-18 23:54:24',NULL,0,NULL,NULL,NULL,'Customer','Gajanan','Sangvikar',NULL,'2012-12-18 23:54:24','2012-12-21 03:40:40',NULL,NULL,NULL,NULL,NULL,'9730259812',1,NULL,'gajanan-sangvikar',NULL,NULL),(65,'anupamadravid@gmail.com','$2a$10$tWxqyamY/oonGiB5UhzJzO6MsKR4fZ6dXd7oco1QdEOLTfmsU/N5m',NULL,NULL,NULL,1,'2012-12-19 01:47:07','2012-12-19 01:47:07','122.169.31.41','122.169.31.41',NULL,'2012-12-19 00:25:02',NULL,NULL,0,NULL,NULL,NULL,'Customer','dravid','-',NULL,'2012-12-19 00:25:02','2012-12-19 01:47:07',NULL,NULL,NULL,NULL,NULL,'9422516713',1,NULL,'dravid',NULL,NULL),(66,'latakulkarni46@hotmail.com','$2a$10$wHmaUB0yQYpfgiwmNOQOGeovfkN2o5BhHT3Y3FfQUbiRLsqfGlqxq',NULL,NULL,NULL,0,NULL,NULL,NULL,NULL,NULL,'2012-12-19 00:44:39',NULL,NULL,0,NULL,NULL,NULL,'Customer','LataKulkarni','-',NULL,'2012-12-19 00:44:39','2012-12-19 00:44:39',NULL,NULL,NULL,NULL,NULL,'02024260208',1,NULL,'latakulkarni',NULL,NULL),(67,'patharkarx@gmail.com','$2a$10$/bipb3.8QJKwV3v3B8q0ROC6Kue9GH.dU.SO5w9U/Wm/9SBG9GddS',NULL,NULL,'2012-12-19 01:13:46',1,'2012-12-19 01:13:46','2012-12-19 01:13:46','117.195.42.36','117.195.42.36',NULL,'2012-12-19 01:12:29',NULL,NULL,0,NULL,NULL,NULL,'Customer','patharkar','-',NULL,'2012-12-19 01:12:29','2012-12-19 01:13:46',NULL,NULL,NULL,NULL,NULL,'25630325',1,NULL,'patharkar',NULL,NULL),(68,'milindpandit20@gmail.com','$2a$10$u2JciKV2MtvBuF8t1e0ykO2EDwOExnhIHMjHSJK60C5fd9TvCQj0u',NULL,NULL,NULL,1,'2012-12-19 02:17:47','2012-12-19 02:17:47','94.205.238.4','94.205.238.4',NULL,'2012-12-19 02:17:47','2012-12-19 02:08:16',NULL,0,NULL,NULL,NULL,'Customer','Milind','Pandit',NULL,'2012-12-19 02:08:16','2012-12-19 02:17:47',NULL,NULL,NULL,NULL,NULL,'+971504662104',1,NULL,'milind-pandit',NULL,NULL),(69,'manjiripkelkarkar@gmail.com','$2a$10$YkwJh/5E9yx72sFIryd.f.lyG3AOxXL0bv4aP.NGbUPjKGflPmEVy',NULL,NULL,NULL,0,NULL,NULL,NULL,NULL,NULL,'2012-12-19 11:20:55',NULL,NULL,0,NULL,NULL,NULL,'Customer','manjiri','-',NULL,'2012-12-19 11:20:55','2012-12-19 11:20:55',NULL,NULL,NULL,NULL,NULL,'02025453549',1,NULL,'manjiri',NULL,NULL),(70,'amol.mulay@rediff.com','$2a$10$2l3pDvjM/CZnKBOKm0XdsOO7lDI1TvUXHTqxdFPjuOeB0RJLSN7gu',NULL,NULL,NULL,0,NULL,NULL,NULL,NULL,'6LbgHgyLkW9Cg9qXbHya',NULL,'2012-12-19 11:52:40',NULL,0,NULL,NULL,NULL,'Customer','Amol ','Mulay',NULL,'2012-12-19 11:52:40','2012-12-19 11:52:40',NULL,NULL,NULL,NULL,NULL,'9822062868',1,NULL,'amol-mulay',NULL,NULL),(71,'sachin@aryanpumps.com','$2a$10$ZxDwQ8Yypm/Z2FxyPs.hwu2L8.Eas4baKLjZzQgd7O.47fV1cjzqK',NULL,NULL,NULL,1,'2012-12-19 21:39:03','2012-12-19 21:39:03','49.249.141.24','49.249.141.24',NULL,'2012-12-19 21:37:49',NULL,NULL,0,NULL,NULL,NULL,'Customer','Sachin','Phulkar',NULL,'2012-12-19 21:37:50','2012-12-19 21:41:27',NULL,NULL,NULL,NULL,NULL,'9970299222',1,NULL,'sachin-phulkar',NULL,NULL),(72,'a@g.com','$2a$10$vV93g5BbR7WlRykBocbe2uFaPxo/H.LDaQOHYCZaFQmDKW23McXGa',NULL,NULL,NULL,0,NULL,NULL,NULL,NULL,NULL,'2012-12-20 02:13:34',NULL,NULL,0,NULL,NULL,NULL,'Customer','tdtd','-',NULL,'2012-12-20 02:13:35','2012-12-20 02:13:35',NULL,NULL,NULL,NULL,NULL,'554',1,NULL,'tdtd',NULL,NULL),(73,'yedu.chalwadi@gmail.com','$2a$10$auqA8C1CWMX0B4xe4LsB0eeAsnQXw3sDAjZGSGLxFI5T4aghPmzwK',NULL,NULL,NULL,1,'2012-12-20 02:32:26','2012-12-20 02:32:26','121.241.235.98','121.241.235.98',NULL,'2012-12-20 02:31:44',NULL,NULL,0,NULL,NULL,NULL,'Customer','pk','-',NULL,'2012-12-20 02:31:44','2012-12-20 02:32:26',NULL,NULL,NULL,NULL,NULL,'0',1,NULL,'pk',NULL,NULL),(74,'vipul.dhere@gmail.com','$2a$10$I5LciwQoo2ahmu30DtBzqOaQ4QgYnYVQecHjcll6.kwbJmBlcki/O',NULL,NULL,NULL,0,NULL,NULL,NULL,NULL,'nCDdDk1ZmyhqzBXV5d4d',NULL,'2012-12-20 10:11:46',NULL,0,NULL,NULL,NULL,'Customer','vipul','dhere',NULL,'2012-12-20 10:11:46','2012-12-20 10:11:46',NULL,NULL,NULL,NULL,NULL,'9011491214',1,NULL,'vipul-dhere--3',NULL,NULL),(75,'khatod@gmail.com','$2a$10$CpA4ftUXfkYxOmYmsJRlAel/6N.59trGUU27ckOn3rfRAIGuEujC2',NULL,NULL,NULL,0,NULL,NULL,NULL,NULL,NULL,'2012-12-20 10:20:33',NULL,NULL,0,NULL,NULL,NULL,'Customer','Bansilal','khatod',NULL,'2012-12-20 10:20:33','2012-12-20 10:20:33',NULL,NULL,NULL,NULL,NULL,'09372531280',1,NULL,'bansilal-khatod',NULL,NULL),(76,'bhagwankul@gmail.com','$2a$10$lR2JHUU53hr1wUWNpw/kS.yiZMYixbd5xeWyEwXgp/Br5/IQnXsom',NULL,NULL,NULL,0,NULL,NULL,NULL,NULL,'yvMR4ebGNfLrFeThFpY2',NULL,'2012-12-20 12:31:28',NULL,0,NULL,NULL,NULL,'Customer','BHAGWAN ','KULKARNI',NULL,'2012-12-20 12:31:28','2012-12-20 12:31:28',NULL,NULL,NULL,NULL,NULL,'9822754723',1,NULL,'bhagwan-kulkarni',NULL,NULL),(77,'jeste.jayant@larsentoubro.com','$2a$10$EtKbJm/SxCSzWqffgTr06Ojjd0WSFrpUtEnJ8ARq08Mw1WLrbF4Fe',NULL,NULL,NULL,2,'2012-12-20 23:31:56','2012-12-20 12:35:47','203.197.8.174','117.228.76.101',NULL,'2012-12-20 12:34:33',NULL,NULL,0,NULL,NULL,NULL,'Customer','Jeste','-',NULL,'2012-12-20 12:34:33','2012-12-20 23:31:56',NULL,NULL,NULL,NULL,NULL,'9822510349',1,NULL,'jeste',NULL,NULL),(78,'asd@yahoo.com','$2a$10$e9LNbyoNhuBaB/IlzXf1ZOQWXNjBojE4OiMWdgADDdZklCvZoJwJ.',NULL,NULL,NULL,0,NULL,NULL,NULL,NULL,NULL,'2012-12-21 03:50:50',NULL,NULL,0,NULL,NULL,NULL,'Customer','fhghg','-',NULL,'2012-12-21 03:50:51','2012-12-21 03:50:51',NULL,NULL,NULL,NULL,NULL,'4889945678',1,NULL,'fhghg',NULL,NULL),(80,'dfv@gmail.com','$2a$10$ik64zAOADOprbHp9lAF78uLIWQzzjYgaRMqOCFQ7z.DFnldPwp6mG',NULL,NULL,NULL,0,NULL,NULL,NULL,NULL,'vCK9Ey1piFvxspD1Wz1P',NULL,'2012-12-22 01:47:48',NULL,0,NULL,NULL,NULL,'Customer','fgv','cvv',NULL,'2012-12-22 01:47:48','2012-12-22 01:47:48',NULL,NULL,NULL,NULL,NULL,'fcv',1,NULL,'fgv-cvv',NULL,NULL),(81,'sneha@truespider.com','$2a$10$QI0spjG195Ld9z1rjz3Oq.RkKe7/1CZHcPofEpyQ2BdlBLp/ZdoYO',NULL,NULL,NULL,0,NULL,NULL,NULL,NULL,NULL,'2012-12-22 03:59:08',NULL,NULL,0,NULL,NULL,NULL,'Customer','sneha','-',NULL,'2012-12-22 03:59:08','2012-12-22 03:59:08',NULL,NULL,NULL,NULL,NULL,'9403351446',1,NULL,'sneha',NULL,NULL),(82,'aaa@aa.com','$2a$10$MFipJMrQKVF7J9ITnQkdG.vUdSJQfKe38TFSs1VpSnhGof69F0AH2',NULL,NULL,NULL,0,NULL,NULL,NULL,NULL,NULL,'2012-12-22 08:17:49',NULL,NULL,0,NULL,NULL,NULL,'Customer','aaa','-',NULL,'2012-12-22 08:17:50','2012-12-22 08:17:50',NULL,NULL,NULL,NULL,NULL,'12121212',1,NULL,'aaa',NULL,NULL),(83,'mayurgarudi@gmail.com','$2a$10$GJmgYC3J0eN4AbW1/8Ibq.mehWa.91IwOYRN/Y666zZGfMJMgdzXu',NULL,NULL,NULL,0,NULL,NULL,NULL,NULL,NULL,'2012-12-23 10:55:49',NULL,NULL,4,NULL,NULL,NULL,'Customer','mayu','-',NULL,'2012-12-23 10:55:50','2012-12-23 10:57:00',NULL,NULL,NULL,NULL,NULL,'9970861276',1,NULL,'mayu',NULL,NULL),(84,'rvanturkar@gmail.com','$2a$10$9rS6aOeeBh3G1XNABuuAwe/eWQSDvRhU0.spUYTl0o0j4Pza0sC4a',NULL,NULL,NULL,1,'2012-12-23 21:33:25','2012-12-23 21:33:25','116.75.7.89','116.75.7.89',NULL,'2012-12-23 21:33:25','2012-12-23 21:32:48',NULL,0,NULL,NULL,NULL,'Customer','RV  ','Anturkar',NULL,'2012-12-23 21:32:48','2012-12-23 21:33:25',NULL,NULL,NULL,NULL,NULL,'9823027212',1,NULL,'rv-anturkar',NULL,NULL),(85,'gfgf@wipro.com','$2a$10$IQPMUuzYw5G1mxLt9D2eD.2tvVZuuuvBOXI.A9JxCTapU6c4xIhBO',NULL,NULL,NULL,0,NULL,NULL,NULL,NULL,NULL,'2012-12-24 00:46:13',NULL,NULL,0,NULL,NULL,NULL,'Customer','fgfgf','-',NULL,'2012-12-24 00:46:13','2012-12-24 00:46:13',NULL,NULL,NULL,NULL,NULL,'434343343434343434',1,NULL,'fgfgf',NULL,NULL),(86,'prashant+twitter@truespider.com','$2a$10$/fnfWx24UosiNgc.qu62V.wpMti/pUsfQOnFa5Fu6tHVwglvxfS5O',NULL,NULL,NULL,1,'2012-12-24 05:16:33','2012-12-24 05:16:33','122.179.149.136','122.179.149.136',NULL,'2012-12-24 05:16:32','2012-12-24 05:16:18',NULL,0,NULL,NULL,NULL,'','Prashant','Chaudhari',NULL,'2012-12-24 05:16:18','2012-12-24 05:16:33',NULL,NULL,NULL,NULL,NULL,'9764000760',1,NULL,'prashant-chaudhari--3',NULL,NULL);
/*!40000 ALTER TABLE `users` ENABLE KEYS */;
UNLOCK TABLES;

--
-- Table structure for table `videos`
--

DROP TABLE IF EXISTS `videos`;
/*!40101 SET @saved_cs_client     = @@character_set_client */;
/*!40101 SET character_set_client = utf8 */;
CREATE TABLE `videos` (
  `id` int(11) NOT NULL AUTO_INCREMENT,
  `name` varchar(255) COLLATE utf8_unicode_ci DEFAULT NULL,
  `url` varchar(255) COLLATE utf8_unicode_ci DEFAULT NULL,
  `description` text COLLATE utf8_unicode_ci,
  `tags` text COLLATE utf8_unicode_ci,
  `user_id` int(11) DEFAULT NULL,
  `created_at` datetime NOT NULL,
  `updated_at` datetime NOT NULL,
  PRIMARY KEY (`id`)
) ENGINE=InnoDB DEFAULT CHARSET=utf8 COLLATE=utf8_unicode_ci;
/*!40101 SET character_set_client = @saved_cs_client */;

--
-- Dumping data for table `videos`
--

LOCK TABLES `videos` WRITE;
/*!40000 ALTER TABLE `videos` DISABLE KEYS */;
/*!40000 ALTER TABLE `videos` ENABLE KEYS */;
UNLOCK TABLES;
/*!40103 SET TIME_ZONE=@OLD_TIME_ZONE */;

/*!40101 SET SQL_MODE=@OLD_SQL_MODE */;
/*!40014 SET FOREIGN_KEY_CHECKS=@OLD_FOREIGN_KEY_CHECKS */;
/*!40014 SET UNIQUE_CHECKS=@OLD_UNIQUE_CHECKS */;
/*!40101 SET CHARACTER_SET_CLIENT=@OLD_CHARACTER_SET_CLIENT */;
/*!40101 SET CHARACTER_SET_RESULTS=@OLD_CHARACTER_SET_RESULTS */;
/*!40101 SET COLLATION_CONNECTION=@OLD_COLLATION_CONNECTION */;
/*!40111 SET SQL_NOTES=@OLD_SQL_NOTES */;

-- Dump completed on 2012-12-24 11:42:14
